asset_id,sensor_id,ts,elapsed_s,origin_cycle_id,raw_value,unit,agg,is_synthetic,quality_flag,value
HYD-01,FS1,2026-11-14 09:00:00+00:00,0,100,0.9027999999999997,L/min,"{'min': 0.0, 'max': 7.653, 'n': 10, 'source_hz': 10}",False,OK,0.9027999999999997
HYD-01,PS1,2026-11-14 09:00:00+00:00,0,100,170.16209999999995,bar,"{'min': 141.27, 'max': 189.88, 'n': 100, 'source_hz': 100}",False,OK,170.16209999999995
HYD-01,TS1,2026-11-14 09:00:00+00:00,0,100,53.219,°C,,False,OK,53.219
HYD-01,FS1,2026-11-14 09:00:01+00:00,1,100,0.0019000000000000002,L/min,"{'min': 0.0, 'max': 0.007, 'n': 10, 'source_hz': 10}",False,OK,0.0019000000000000002
HYD-01,PS1,2026-11-14 09:00:01+00:00,1,100,190.19429999999988,bar,"{'min': 189.79, 'max': 190.38, 'n': 100, 'source_hz': 100}",False,OK,190.19429999999988
HYD-01,TS1,2026-11-14 09:00:01+00:00,1,100,53.207,°C,,False,OK,53.207
HYD-01,FS1,2026-11-14 09:00:02+00:00,2,100,0.0025,L/min,"{'min': 0.0, 'max': 0.007, 'n': 10, 'source_hz': 10}",False,OK,0.0025
HYD-01,PS1,2026-11-14 09:00:02+00:00,2,100,190.16529999999995,bar,"{'min': 189.94, 'max': 190.35, 'n': 100, 'source_hz': 100}",False,OK,190.16529999999995
HYD-01,TS1,2026-11-14 09:00:02+00:00,2,100,53.148,°C,,False,OK,53.148
HYD-01,FS1,2026-11-14 09:00:03+00:00,3,100,0.0019000000000000002,L/min,"{'min': 0.0, 'max': 0.005, 'n': 10, 'source_hz': 10}",False,OK,0.0019000000000000002
HYD-01,PS1,2026-11-14 09:00:03+00:00,3,100,190.1502,bar,"{'min': 189.98, 'max': 190.36, 'n': 100, 'source_hz': 100}",False,OK,190.1502
HYD-01,TS1,2026-11-14 09:00:03+00:00,3,100,53.07,°C,,False,OK,53.07
HYD-01,FS1,2026-11-14 09:00:04+00:00,4,100,0.0010000000000000002,L/min,"{'min': 0.0, 'max': 0.004, 'n': 10, 'source_hz': 10}",False,OK,0.0010000000000000002
HYD-01,PS1,2026-11-14 09:00:04+00:00,4,100,190.14450000000005,bar,"{'min': 189.92, 'max': 190.47, 'n': 100, 'source_hz': 100}",False,OK,190.14450000000005
HYD-01,TS1,2026-11-14 09:00:04+00:00,4,100,52.98,°C,,False,OK,52.98
HYD-01,FS1,2026-11-14 09:00:05+00:00,5,100,0.0010000000000000002,L/min,"{'min': 0.0, 'max': 0.004, 'n': 10, 'source_hz': 10}",False,OK,0.0010000000000000002
HYD-01,PS1,2026-11-14 09:00:05+00:00,5,100,190.0843,bar,"{'min': 189.92, 'max': 190.26, 'n': 100, 'source_hz': 100}",False,OK,190.0843
HYD-01,TS1,2026-11-14 09:00:05+00:00,5,100,52.965,°C,,False,OK,52.965
HYD-01,FS1,2026-11-14 09:00:06+00:00,6,100,0.0016000000000000003,L/min,"{'min': 0.0, 'max': 0.005, 'n': 10, 'source_hz': 10}",False,OK,0.0016000000000000003
HYD-01,PS1,2026-11-14 09:00:06+00:00,6,100,190.10609999999997,bar,"{'min': 189.87, 'max': 190.28, 'n': 100, 'source_hz': 100}",False,OK,190.10609999999997
HYD-01,TS1,2026-11-14 09:00:06+00:00,6,100,52.91,°C,,False,OK,52.91
HYD-01,FS1,2026-11-14 09:00:07+00:00,7,100,0.0022,L/min,"{'min': 0.0, 'max': 0.006, 'n': 10, 'source_hz': 10}",False,OK,0.0022
HYD-01,PS1,2026-11-14 09:00:07+00:00,7,100,190.09129999999996,bar,"{'min': 189.87, 'max': 190.23, 'n': 100, 'source_hz': 100}",False,OK,190.09129999999996
HYD-01,TS1,2026-11-14 09:00:07+00:00,7,100,52.82,°C,,False,OK,52.82
HYD-01,FS1,2026-11-14 09:00:08+00:00,8,100,0.0024000000000000002,L/min,"{'min': 0.0, 'max': 0.006, 'n': 10, 'source_hz': 10}",False,OK,0.0024000000000000002
HYD-01,PS1,2026-11-14 09:00:08+00:00,8,100,190.11410000000006,bar,"{'min': 189.94, 'max': 190.34, 'n': 100, 'source_hz': 100}",False,OK,190.11410000000006
HYD-01,TS1,2026-11-14 09:00:08+00:00,8,100,52.805,°C,,False,OK,52.805
HYD-01,FS1,2026-11-14 09:00:09+00:00,9,100,8.229199999999999,L/min,"{'min': 0.001, 'max': 20.479, 'n': 10, 'source_hz': 10}",False,OK,8.229199999999999
HYD-01,PS1,2026-11-14 09:00:09+00:00,9,100,174.11159999999992,bar,"{'min': 149.53, 'max': 190.27, 'n': 100, 'source_hz': 100}",False,OK,174.11159999999992
HYD-01,TS1,2026-11-14 09:00:09+00:00,9,100,52.723,°C,,False,OK,52.723
HYD-01,FS1,2026-11-14 09:00:10+00:00,10,100,7.807600000000001,L/min,"{'min': 7.727, 'max': 8.273, 'n': 10, 'source_hz': 10}",False,OK,7.807600000000001
HYD-01,PS1,2026-11-14 09:00:10+00:00,10,100,142.27960000000004,bar,"{'min': 140.97, 'max': 149.23, 'n': 100, 'source_hz': 100}",False,OK,142.27960000000004
HYD-01,TS1,2026-11-14 09:00:10+00:00,10,100,52.738,°C,,False,OK,52.738
HYD-01,FS1,2026-11-14 09:00:11+00:00,11,100,7.7552,L/min,"{'min': 7.741, 'max': 7.796, 'n': 10, 'source_hz': 10}",False,OK,7.7552
HYD-01,PS1,2026-11-14 09:00:11+00:00,11,100,142.0776,bar,"{'min': 141.61, 'max': 142.42, 'n': 100, 'source_hz': 100}",False,OK,142.0776
HYD-01,TS1,2026-11-14 09:00:11+00:00,11,100,52.645,°C,,False,OK,52.645
HYD-01,FS1,2026-11-14 09:00:12+00:00,12,100,7.7555,L/min,"{'min': 7.733, 'max': 7.778, 'n': 10, 'source_hz': 10}",False,OK,7.7555
HYD-01,PS1,2026-11-14 09:00:12+00:00,12,100,142.0661,bar,"{'min': 141.71, 'max': 142.52, 'n': 100, 'source_hz': 100}",False,OK,142.0661
HYD-01,TS1,2026-11-14 09:00:12+00:00,12,100,52.723,°C,,False,OK,52.723
HYD-01,FS1,2026-11-14 09:00:13+00:00,13,100,7.7538,L/min,"{'min': 7.719, 'max': 7.783, 'n': 10, 'source_hz': 10}",False,OK,7.7538
HYD-01,PS1,2026-11-14 09:00:13+00:00,13,100,142.0643,bar,"{'min': 141.71, 'max': 142.46, 'n': 100, 'source_hz': 100}",False,OK,142.0643
HYD-01,TS1,2026-11-14 09:00:13+00:00,13,100,52.777,°C,,False,OK,52.777
HYD-01,FS1,2026-11-14 09:00:14+00:00,14,100,7.7585999999999995,L/min,"{'min': 7.739, 'max': 7.775, 'n': 10, 'source_hz': 10}",False,OK,7.7585999999999995
HYD-01,PS1,2026-11-14 09:00:14+00:00,14,100,142.0624,bar,"{'min': 141.64, 'max': 142.49, 'n': 100, 'source_hz': 100}",False,OK,142.0624
HYD-01,TS1,2026-11-14 09:00:14+00:00,14,100,52.82,°C,,False,OK,52.82
HYD-01,FS1,2026-11-14 09:00:15+00:00,15,100,7.755599999999999,L/min,"{'min': 7.722, 'max': 7.781, 'n': 10, 'source_hz': 10}",False,OK,7.755599999999999
HYD-01,PS1,2026-11-14 09:00:15+00:00,15,100,142.07070000000004,bar,"{'min': 141.59, 'max': 142.38, 'n': 100, 'source_hz': 100}",False,OK,142.07070000000004
HYD-01,TS1,2026-11-14 09:00:15+00:00,15,100,52.902,°C,,False,OK,52.902
HYD-01,FS1,2026-11-14 09:00:16+00:00,16,100,7.7545,L/min,"{'min': 7.718, 'max': 7.779, 'n': 10, 'source_hz': 10}",False,OK,7.7545
HYD-01,PS1,2026-11-14 09:00:16+00:00,16,100,142.0695,bar,"{'min': 141.66, 'max': 142.31, 'n': 100, 'source_hz': 100}",False,OK,142.0695
HYD-01,TS1,2026-11-14 09:00:16+00:00,16,100,52.969,°C,,False,OK,52.969
HYD-01,FS1,2026-11-14 09:00:17+00:00,17,100,7.760000000000001,L/min,"{'min': 7.724, 'max': 7.794, 'n': 10, 'source_hz': 10}",False,OK,7.760000000000001
HYD-01,PS1,2026-11-14 09:00:17+00:00,17,100,142.01880000000003,bar,"{'min': 141.66, 'max': 142.39, 'n': 100, 'source_hz': 100}",False,OK,142.01880000000003
HYD-01,TS1,2026-11-14 09:00:17+00:00,17,100,52.988,°C,,False,OK,52.988
HYD-01,FS1,2026-11-14 09:00:18+00:00,18,100,7.757299999999999,L/min,"{'min': 7.732, 'max': 7.777, 'n': 10, 'source_hz': 10}",False,OK,7.757299999999999
HYD-01,PS1,2026-11-14 09:00:18+00:00,18,100,142.0025,bar,"{'min': 141.58, 'max': 142.46, 'n': 100, 'source_hz': 100}",False,OK,142.0025
HYD-01,TS1,2026-11-14 09:00:18+00:00,18,100,53.074,°C,,False,OK,53.074
HYD-01,FS1,2026-11-14 09:00:19+00:00,19,100,7.549900000000001,L/min,"{'min': 6.379, 'max': 8.021, 'n': 10, 'source_hz': 10}",False,OK,7.549900000000001
HYD-01,PS1,2026-11-14 09:00:19+00:00,19,100,152.4586,bar,"{'min': 141.93, 'max': 153.41, 'n': 100, 'source_hz': 100}",False,OK,152.4586
HYD-01,TS1,2026-11-14 09:00:19+00:00,19,100,53.164,°C,,False,OK,53.164
HYD-01,FS1,2026-11-14 09:00:20+00:00,20,100,7.7811,L/min,"{'min': 7.696, 'max': 7.889, 'n': 10, 'source_hz': 10}",False,OK,7.7811
HYD-01,PS1,2026-11-14 09:00:20+00:00,20,100,152.3532,bar,"{'min': 152.19, 'max': 152.66, 'n': 100, 'source_hz': 100}",False,OK,152.3532
HYD-01,TS1,2026-11-14 09:00:20+00:00,20,100,53.219,°C,,False,OK,53.219
HYD-01,FS1,2026-11-14 09:00:21+00:00,21,100,7.740100000000001,L/min,"{'min': 7.636, 'max': 7.839, 'n': 10, 'source_hz': 10}",False,OK,7.740100000000001
HYD-01,PS1,2026-11-14 09:00:21+00:00,21,100,152.36530000000005,bar,"{'min': 152.14, 'max': 152.54, 'n': 100, 'source_hz': 100}",False,OK,152.36530000000005
HYD-01,TS1,2026-11-14 09:00:21+00:00,21,100,53.23,°C,,False,OK,53.23
HYD-01,FS1,2026-11-14 09:00:22+00:00,22,100,7.7408,L/min,"{'min': 7.611, 'max': 7.856, 'n': 10, 'source_hz': 10}",False,OK,7.7408
HYD-01,PS1,2026-11-14 09:00:22+00:00,22,100,152.28359999999998,bar,"{'min': 152.11, 'max': 152.45, 'n': 100, 'source_hz': 100}",False,OK,152.28359999999998
HYD-01,TS1,2026-11-14 09:00:22+00:00,22,100,53.23,°C,,False,OK,53.23
HYD-01,FS1,2026-11-14 09:00:23+00:00,23,100,7.7456000000000005,L/min,"{'min': 7.628, 'max': 7.853, 'n': 10, 'source_hz': 10}",False,OK,7.7456000000000005
HYD-01,PS1,2026-11-14 09:00:23+00:00,23,100,152.30639999999994,bar,"{'min': 152.13, 'max': 152.51, 'n': 100, 'source_hz': 100}",False,OK,152.30639999999994
HYD-01,TS1,2026-11-14 09:00:23+00:00,23,100,53.32,°C,,False,OK,53.32
HYD-01,FS1,2026-11-14 09:00:24+00:00,24,100,7.7124,L/min,"{'min': 7.619, 'max': 7.784, 'n': 10, 'source_hz': 10}",False,OK,7.7124
HYD-01,PS1,2026-11-14 09:00:24+00:00,24,100,152.3015,bar,"{'min': 152.13, 'max': 152.45, 'n': 100, 'source_hz': 100}",False,OK,152.3015
HYD-01,TS1,2026-11-14 09:00:24+00:00,24,100,53.297,°C,,False,OK,53.297
HYD-01,FS1,2026-11-14 09:00:25+00:00,25,100,7.750500000000001,L/min,"{'min': 7.628, 'max': 7.889, 'n': 10, 'source_hz': 10}",False,OK,7.750500000000001
HYD-01,PS1,2026-11-14 09:00:25+00:00,25,100,152.3006,bar,"{'min': 152.16, 'max': 152.48, 'n': 100, 'source_hz': 100}",False,OK,152.3006
HYD-01,TS1,2026-11-14 09:00:25+00:00,25,100,53.309,°C,,False,OK,53.309
HYD-01,FS1,2026-11-14 09:00:26+00:00,26,100,7.7221,L/min,"{'min': 7.659, 'max': 7.817, 'n': 10, 'source_hz': 10}",False,OK,7.7221
HYD-01,PS1,2026-11-14 09:00:26+00:00,26,100,152.2752,bar,"{'min': 152.09, 'max': 152.45, 'n': 100, 'source_hz': 100}",False,OK,152.2752
HYD-01,TS1,2026-11-14 09:00:26+00:00,26,100,53.297,°C,,False,OK,53.297
HYD-01,FS1,2026-11-14 09:00:27+00:00,27,100,7.750200000000001,L/min,"{'min': 7.653, 'max': 7.873, 'n': 10, 'source_hz': 10}",False,OK,7.750200000000001
HYD-01,PS1,2026-11-14 09:00:27+00:00,27,100,152.30859999999998,bar,"{'min': 152.09, 'max': 152.53, 'n': 100, 'source_hz': 100}",False,OK,152.30859999999998
HYD-01,TS1,2026-11-14 09:00:27+00:00,27,100,53.375,°C,,False,OK,53.375
HYD-01,FS1,2026-11-14 09:00:28+00:00,28,100,7.711699999999999,L/min,"{'min': 7.634, 'max': 7.789, 'n': 10, 'source_hz': 10}",False,OK,7.711699999999999
HYD-01,PS1,2026-11-14 09:00:28+00:00,28,100,152.26319999999996,bar,"{'min': 152.09, 'max': 152.41, 'n': 100, 'source_hz': 100}",False,OK,152.26319999999996
HYD-01,TS1,2026-11-14 09:00:28+00:00,28,100,53.402,°C,,False,OK,53.402
HYD-01,FS1,2026-11-14 09:00:29+00:00,29,100,6.1366,L/min,"{'min': 1.073, 'max': 7.529, 'n': 10, 'source_hz': 10}",False,OK,6.1366
HYD-01,PS1,2026-11-14 09:00:29+00:00,29,100,160.12209999999993,bar,"{'min': 152.38, 'max': 162.2, 'n': 100, 'source_hz': 100}",False,OK,160.12209999999993
HYD-01,TS1,2026-11-14 09:00:29+00:00,29,100,53.387,°C,,False,OK,53.387
HYD-01,FS1,2026-11-14 09:00:30+00:00,30,100,7.6697000000000015,L/min,"{'min': 7.578, 'max': 7.761, 'n': 10, 'source_hz': 10}",False,OK,7.6697000000000015
HYD-01,PS1,2026-11-14 09:00:30+00:00,30,100,162.0556,bar,"{'min': 161.85, 'max': 162.26, 'n': 100, 'source_hz': 100}",False,OK,162.0556
HYD-01,TS1,2026-11-14 09:00:30+00:00,30,100,53.402,°C,,False,OK,53.402
HYD-01,FS1,2026-11-14 09:00:31+00:00,31,100,7.6813,L/min,"{'min': 7.579, 'max': 7.799, 'n': 10, 'source_hz': 10}",False,OK,7.6813
HYD-01,PS1,2026-11-14 09:00:31+00:00,31,100,162.00779999999997,bar,"{'min': 161.75, 'max': 162.21, 'n': 100, 'source_hz': 100}",False,OK,162.00779999999997
HYD-01,TS1,2026-11-14 09:00:31+00:00,31,100,53.395,°C,,False,OK,53.395
HYD-01,FS1,2026-11-14 09:00:32+00:00,32,100,7.6905,L/min,"{'min': 7.601, 'max': 7.806, 'n': 10, 'source_hz': 10}",False,OK,7.6905
HYD-01,PS1,2026-11-14 09:00:32+00:00,32,100,161.99089999999995,bar,"{'min': 161.82, 'max': 162.25, 'n': 100, 'source_hz': 100}",False,OK,161.99089999999995
HYD-01,TS1,2026-11-14 09:00:32+00:00,32,100,53.391,°C,,False,OK,53.391
HYD-01,FS1,2026-11-14 09:00:33+00:00,33,100,7.678700000000001,L/min,"{'min': 7.59, 'max': 7.749, 'n': 10, 'source_hz': 10}",False,OK,7.678700000000001
HYD-01,PS1,2026-11-14 09:00:33+00:00,33,100,161.9691,bar,"{'min': 161.79, 'max': 162.16, 'n': 100, 'source_hz': 100}",False,OK,161.9691
HYD-01,TS1,2026-11-14 09:00:33+00:00,33,100,53.488,°C,,False,OK,53.488
HYD-01,FS1,2026-11-14 09:00:34+00:00,34,100,7.6785,L/min,"{'min': 7.555, 'max': 7.797, 'n': 10, 'source_hz': 10}",False,OK,7.6785
HYD-01,PS1,2026-11-14 09:00:34+00:00,34,100,161.98879999999997,bar,"{'min': 161.8, 'max': 162.17, 'n': 100, 'source_hz': 100}",False,OK,161.98879999999997
HYD-01,TS1,2026-11-14 09:00:34+00:00,34,100,53.484,°C,,False,OK,53.484
HYD-01,FS1,2026-11-14 09:00:35+00:00,35,100,7.692500000000001,L/min,"{'min': 7.591, 'max': 7.796, 'n': 10, 'source_hz': 10}",False,OK,7.692500000000001
HYD-01,PS1,2026-11-14 09:00:35+00:00,35,100,161.90979999999996,bar,"{'min': 161.69, 'max': 162.09, 'n': 100, 'source_hz': 100}",False,OK,161.90979999999996
HYD-01,TS1,2026-11-14 09:00:35+00:00,35,100,53.496,°C,,False,OK,53.496
HYD-01,FS1,2026-11-14 09:00:36+00:00,36,100,7.6471,L/min,"{'min': 7.565, 'max': 7.759, 'n': 10, 'source_hz': 10}",False,OK,7.6471
HYD-01,PS1,2026-11-14 09:00:36+00:00,36,100,161.94219999999996,bar,"{'min': 161.66, 'max': 162.23, 'n': 100, 'source_hz': 100}",False,OK,161.94219999999996
HYD-01,TS1,2026-11-14 09:00:36+00:00,36,100,53.562,°C,,False,OK,53.562
HYD-01,FS1,2026-11-14 09:00:37+00:00,37,100,7.6815,L/min,"{'min': 7.568, 'max': 7.779, 'n': 10, 'source_hz': 10}",False,OK,7.6815
HYD-01,PS1,2026-11-14 09:00:37+00:00,37,100,161.9033,bar,"{'min': 161.67, 'max': 162.15, 'n': 100, 'source_hz': 100}",False,OK,161.9033
HYD-01,TS1,2026-11-14 09:00:37+00:00,37,100,53.551,°C,,False,OK,53.551
HYD-01,FS1,2026-11-14 09:00:38+00:00,38,100,7.674899999999999,L/min,"{'min': 7.533, 'max': 7.781, 'n': 10, 'source_hz': 10}",False,OK,7.674899999999999
HYD-01,PS1,2026-11-14 09:00:38+00:00,38,100,161.92589999999998,bar,"{'min': 161.69, 'max': 162.18, 'n': 100, 'source_hz': 100}",False,OK,161.92589999999998
HYD-01,TS1,2026-11-14 09:00:38+00:00,38,100,53.555,°C,,False,OK,53.555
HYD-01,FS1,2026-11-14 09:00:39+00:00,39,100,9.269499999999999,L/min,"{'min': 7.766, 'max': 12.641, 'n': 10, 'source_hz': 10}",False,OK,9.269499999999999
HYD-01,PS1,2026-11-14 09:00:39+00:00,39,100,154.2273,bar,"{'min': 152.16, 'max': 161.99, 'n': 100, 'source_hz': 100}",False,OK,154.2273
HYD-01,TS1,2026-11-14 09:00:39+00:00,39,100,53.551,°C,,False,OK,53.551
HYD-01,FS1,2026-11-14 09:00:40+00:00,40,100,7.7268,L/min,"{'min': 7.659, 'max': 7.9, 'n': 10, 'source_hz': 10}",False,OK,7.7268
HYD-01,PS1,2026-11-14 09:00:40+00:00,40,100,152.1804,bar,"{'min': 152.01, 'max': 152.38, 'n': 100, 'source_hz': 100}",False,OK,152.1804
HYD-01,TS1,2026-11-14 09:00:40+00:00,40,100,53.547,°C,,False,OK,53.547
HYD-01,FS1,2026-11-14 09:00:41+00:00,41,100,7.7413,L/min,"{'min': 7.66, 'max': 7.869, 'n': 10, 'source_hz': 10}",False,OK,7.7413
HYD-01,PS1,2026-11-14 09:00:41+00:00,41,100,152.21840000000003,bar,"{'min': 152.06, 'max': 152.37, 'n': 100, 'source_hz': 100}",False,OK,152.21840000000003
HYD-01,TS1,2026-11-14 09:00:41+00:00,41,100,53.555,°C,,False,OK,53.555
HYD-01,FS1,2026-11-14 09:00:42+00:00,42,100,7.717700000000001,L/min,"{'min': 7.666, 'max': 7.823, 'n': 10, 'source_hz': 10}",False,OK,7.717700000000001
HYD-01,PS1,2026-11-14 09:00:42+00:00,42,100,152.20129999999995,bar,"{'min': 152.05, 'max': 152.38, 'n': 100, 'source_hz': 100}",False,OK,152.20129999999995
HYD-01,TS1,2026-11-14 09:00:42+00:00,42,100,53.473,°C,,False,OK,53.473
HYD-01,FS1,2026-11-14 09:00:43+00:00,43,100,7.749499999999999,L/min,"{'min': 7.673, 'max': 7.808, 'n': 10, 'source_hz': 10}",False,OK,7.749499999999999
HYD-01,PS1,2026-11-14 09:00:43+00:00,43,100,152.20079999999996,bar,"{'min': 152.03, 'max': 152.37, 'n': 100, 'source_hz': 100}",False,OK,152.20079999999996
HYD-01,TS1,2026-11-14 09:00:43+00:00,43,100,53.461,°C,,False,OK,53.461
HYD-01,FS1,2026-11-14 09:00:44+00:00,44,100,7.7338,L/min,"{'min': 7.628, 'max': 7.827, 'n': 10, 'source_hz': 10}",False,OK,7.7338
HYD-01,PS1,2026-11-14 09:00:44+00:00,44,100,152.18379999999996,bar,"{'min': 152.01, 'max': 152.35, 'n': 100, 'source_hz': 100}",False,OK,152.18379999999996
HYD-01,TS1,2026-11-14 09:00:44+00:00,44,100,53.461,°C,,False,OK,53.461
HYD-01,FS1,2026-11-14 09:00:45+00:00,45,100,7.7221,L/min,"{'min': 7.619, 'max': 7.823, 'n': 10, 'source_hz': 10}",False,OK,7.7221
HYD-01,PS1,2026-11-14 09:00:45+00:00,45,100,152.20759999999999,bar,"{'min': 152.08, 'max': 152.38, 'n': 100, 'source_hz': 100}",False,OK,152.20759999999999
HYD-01,TS1,2026-11-14 09:00:45+00:00,45,100,53.473,°C,,False,OK,53.473
HYD-01,FS1,2026-11-14 09:00:46+00:00,46,100,7.7425,L/min,"{'min': 7.662, 'max': 7.943, 'n': 10, 'source_hz': 10}",False,OK,7.7425
HYD-01,PS1,2026-11-14 09:00:46+00:00,46,100,152.20889999999991,bar,"{'min': 152.06, 'max': 152.44, 'n': 100, 'source_hz': 100}",False,OK,152.20889999999991
HYD-01,TS1,2026-11-14 09:00:46+00:00,46,100,53.48,°C,,False,OK,53.48
HYD-01,FS1,2026-11-14 09:00:47+00:00,47,100,7.708799999999999,L/min,"{'min': 7.649, 'max': 7.834, 'n': 10, 'source_hz': 10}",False,OK,7.708799999999999
HYD-01,PS1,2026-11-14 09:00:47+00:00,47,100,152.21519999999998,bar,"{'min': 152.1, 'max': 152.37, 'n': 100, 'source_hz': 100}",False,OK,152.21519999999998
HYD-01,TS1,2026-11-14 09:00:47+00:00,47,100,53.473,°C,,False,OK,53.473
HYD-01,FS1,2026-11-14 09:00:48+00:00,48,100,7.760800000000001,L/min,"{'min': 7.696, 'max': 7.814, 'n': 10, 'source_hz': 10}",False,OK,7.760800000000001
HYD-01,PS1,2026-11-14 09:00:48+00:00,48,100,152.28899999999996,bar,"{'min': 152.14, 'max': 152.56, 'n': 100, 'source_hz': 100}",False,OK,152.28899999999996
HYD-01,TS1,2026-11-14 09:00:48+00:00,48,100,53.484,°C,,False,OK,53.484
HYD-01,FS1,2026-11-14 09:00:49+00:00,49,100,7.8237,L/min,"{'min': 7.722, 'max': 8.342, 'n': 10, 'source_hz': 10}",False,OK,7.8237
HYD-01,PS1,2026-11-14 09:00:49+00:00,49,100,147.005,bar,"{'min': 145.52, 'max': 152.35, 'n': 100, 'source_hz': 100}",False,OK,147.005
HYD-01,TS1,2026-11-14 09:00:49+00:00,49,100,53.473,°C,,False,OK,53.473
HYD-01,FS1,2026-11-14 09:00:50+00:00,50,100,7.776599999999999,L/min,"{'min': 7.75, 'max': 7.798, 'n': 10, 'source_hz': 10}",False,OK,7.776599999999999
HYD-01,PS1,2026-11-14 09:00:50+00:00,50,100,147.16499999999996,bar,"{'min': 146.72, 'max': 147.47, 'n': 100, 'source_hz': 100}",False,OK,147.16499999999996
HYD-01,TS1,2026-11-14 09:00:50+00:00,50,100,53.469,°C,,False,OK,53.469
HYD-01,FS1,2026-11-14 09:00:51+00:00,51,100,7.776299999999999,L/min,"{'min': 7.749, 'max': 7.8, 'n': 10, 'source_hz': 10}",False,OK,7.776299999999999
HYD-01,PS1,2026-11-14 09:00:51+00:00,51,100,147.21680000000003,bar,"{'min': 146.91, 'max': 147.6, 'n': 100, 'source_hz': 100}",False,OK,147.21680000000003
HYD-01,TS1,2026-11-14 09:00:51+00:00,51,100,53.473,°C,,False,OK,53.473
HYD-01,FS1,2026-11-14 09:00:52+00:00,52,100,7.7735,L/min,"{'min': 7.753, 'max': 7.808, 'n': 10, 'source_hz': 10}",False,OK,7.7735
HYD-01,PS1,2026-11-14 09:00:52+00:00,52,100,147.2301,bar,"{'min': 146.88, 'max': 147.56, 'n': 100, 'source_hz': 100}",False,OK,147.2301
HYD-01,TS1,2026-11-14 09:00:52+00:00,52,100,53.473,°C,,False,OK,53.473
HYD-01,FS1,2026-11-14 09:00:53+00:00,53,100,7.7886,L/min,"{'min': 7.747, 'max': 7.811, 'n': 10, 'source_hz': 10}",False,OK,7.7886
HYD-01,PS1,2026-11-14 09:00:53+00:00,53,100,147.19979999999995,bar,"{'min': 146.83, 'max': 147.48, 'n': 100, 'source_hz': 100}",False,OK,147.19979999999995
HYD-01,TS1,2026-11-14 09:00:53+00:00,53,100,53.379,°C,,False,OK,53.379
HYD-01,FS1,2026-11-14 09:00:54+00:00,54,100,7.787599999999999,L/min,"{'min': 7.764, 'max': 7.821, 'n': 10, 'source_hz': 10}",False,OK,7.787599999999999
HYD-01,PS1,2026-11-14 09:00:54+00:00,54,100,147.23439999999994,bar,"{'min': 146.8, 'max': 147.56, 'n': 100, 'source_hz': 100}",False,OK,147.23439999999994
HYD-01,TS1,2026-11-14 09:00:54+00:00,54,100,53.387,°C,,False,OK,53.387
HYD-01,FS1,2026-11-14 09:00:55+00:00,55,100,7.7966999999999995,L/min,"{'min': 7.768, 'max': 7.844, 'n': 10, 'source_hz': 10}",False,OK,7.7966999999999995
HYD-01,PS1,2026-11-14 09:00:55+00:00,55,100,147.22329999999997,bar,"{'min': 146.76, 'max': 147.6, 'n': 100, 'source_hz': 100}",False,OK,147.22329999999997
HYD-01,TS1,2026-11-14 09:00:55+00:00,55,100,53.379,°C,,False,OK,53.379
HYD-01,FS1,2026-11-14 09:00:56+00:00,56,100,7.8062,L/min,"{'min': 7.779, 'max': 7.823, 'n': 10, 'source_hz': 10}",False,OK,7.8062
HYD-01,PS1,2026-11-14 09:00:56+00:00,56,100,147.23760000000001,bar,"{'min': 146.91, 'max': 147.56, 'n': 100, 'source_hz': 100}",False,OK,147.23760000000001
HYD-01,TS1,2026-11-14 09:00:56+00:00,56,100,53.387,°C,,False,OK,53.387
HYD-01,FS1,2026-11-14 09:00:57+00:00,57,100,7.817099999999999,L/min,"{'min': 7.789, 'max': 7.836, 'n': 10, 'source_hz': 10}",False,OK,7.817099999999999
HYD-01,PS1,2026-11-14 09:00:57+00:00,57,100,147.24659999999997,bar,"{'min': 146.81, 'max': 147.58, 'n': 100, 'source_hz': 100}",False,OK,147.24659999999997
HYD-01,TS1,2026-11-14 09:00:57+00:00,57,100,53.387,°C,,False,OK,53.387
HYD-01,FS1,2026-11-14 09:00:58+00:00,58,100,7.871899999999999,L/min,"{'min': 7.839, 'max': 7.894, 'n': 10, 'source_hz': 10}",False,OK,7.871899999999999
HYD-01,PS1,2026-11-14 09:00:58+00:00,58,100,147.32959999999994,bar,"{'min': 147.0, 'max': 147.66, 'n': 100, 'source_hz': 100}",False,OK,147.32959999999994
HYD-01,TS1,2026-11-14 09:00:58+00:00,58,100,53.391,°C,,False,OK,53.391
HYD-01,FS1,2026-11-14 09:00:59+00:00,59,100,7.8842,L/min,"{'min': 7.846, 'max': 7.923, 'n': 10, 'source_hz': 10}",False,OK,7.8842
HYD-01,PS1,2026-11-14 09:00:59+00:00,59,100,147.34490000000002,bar,"{'min': 146.99, 'max': 147.73, 'n': 100, 'source_hz': 100}",False,OK,147.34490000000002
HYD-01,TS1,2026-11-14 09:00:59+00:00,59,100,53.395,°C,,False,OK,53.395
HYD-01,FS1,2026-11-14 09:01:00+00:00,0,101,0.9101000000000002,L/min,"{'min': 0.0, 'max': 7.718, 'n': 10, 'source_hz': 10}",False,OK,0.9101000000000002
HYD-01,PS1,2026-11-14 09:01:00+00:00,0,101,169.99810000000002,bar,"{'min': 141.21, 'max': 189.84, 'n': 100, 'source_hz': 100}",False,OK,169.99810000000002
HYD-01,TS1,2026-11-14 09:01:00+00:00,0,101,53.379,°C,,False,OK,53.379
HYD-01,FS1,2026-11-14 09:01:01+00:00,1,101,0.0009000000000000001,L/min,"{'min': 0.0, 'max': 0.003, 'n': 10, 'source_hz': 10}",False,OK,0.0009000000000000001
HYD-01,PS1,2026-11-14 09:01:01+00:00,1,101,190.19699999999997,bar,"{'min': 189.81, 'max': 190.41, 'n': 100, 'source_hz': 100}",False,OK,190.19699999999997
HYD-01,TS1,2026-11-14 09:01:01+00:00,1,101,53.309,°C,,False,OK,53.309
HYD-01,FS1,2026-11-14 09:01:02+00:00,2,101,0.0010000000000000002,L/min,"{'min': 0.0, 'max': 0.005, 'n': 10, 'source_hz': 10}",False,OK,0.0010000000000000002
HYD-01,PS1,2026-11-14 09:01:02+00:00,2,101,190.18989999999997,bar,"{'min': 190.02, 'max': 190.5, 'n': 100, 'source_hz': 100}",False,OK,190.18989999999997
HYD-01,TS1,2026-11-14 09:01:02+00:00,2,101,53.195,°C,,False,OK,53.195
HYD-01,FS1,2026-11-14 09:01:03+00:00,3,101,0.0009000000000000001,L/min,"{'min': 0.0, 'max': 0.005, 'n': 10, 'source_hz': 10}",False,OK,0.0009000000000000001
HYD-01,PS1,2026-11-14 09:01:03+00:00,3,101,190.15519999999992,bar,"{'min': 189.95, 'max': 190.34, 'n': 100, 'source_hz': 100}",False,OK,190.15519999999992
HYD-01,TS1,2026-11-14 09:01:03+00:00,3,101,53.129,°C,,False,OK,53.129
HYD-01,FS1,2026-11-14 09:01:04+00:00,4,101,0.0024,L/min,"{'min': 0.0, 'max': 0.007, 'n': 10, 'source_hz': 10}",False,OK,0.0024
HYD-01,PS1,2026-11-14 09:01:04+00:00,4,101,190.12740000000005,bar,"{'min': 189.91, 'max': 190.37, 'n': 100, 'source_hz': 100}",False,OK,190.12740000000005
HYD-01,TS1,2026-11-14 09:01:04+00:00,4,101,53.074,°C,,False,OK,53.074
HYD-01,FS1,2026-11-14 09:01:05+00:00,5,101,0.0032999999999999995,L/min,"{'min': 0.0, 'max': 0.006, 'n': 10, 'source_hz': 10}",False,OK,0.0032999999999999995
HYD-01,PS1,2026-11-14 09:01:05+00:00,5,101,190.17809999999994,bar,"{'min': 190.02, 'max': 190.41, 'n': 100, 'source_hz': 100}",False,OK,190.17809999999994
HYD-01,TS1,2026-11-14 09:01:05+00:00,5,101,52.969,°C,,False,OK,52.969
HYD-01,FS1,2026-11-14 09:01:06+00:00,6,101,0.0021000000000000003,L/min,"{'min': 0.0, 'max': 0.007, 'n': 10, 'source_hz': 10}",False,OK,0.0021000000000000003
HYD-01,PS1,2026-11-14 09:01:06+00:00,6,101,190.18419999999995,bar,"{'min': 189.99, 'max': 190.41, 'n': 100, 'source_hz': 100}",False,OK,190.18419999999995
HYD-01,TS1,2026-11-14 09:01:06+00:00,6,101,52.902,°C,,False,OK,52.902
HYD-01,FS1,2026-11-14 09:01:07+00:00,7,101,0.0007,L/min,"{'min': 0.0, 'max': 0.004, 'n': 10, 'source_hz': 10}",False,OK,0.0007
HYD-01,PS1,2026-11-14 09:01:07+00:00,7,101,190.18159999999986,bar,"{'min': 190.03, 'max': 190.35, 'n': 100, 'source_hz': 100}",False,OK,190.18159999999986
HYD-01,TS1,2026-11-14 09:01:07+00:00,7,101,52.902,°C,,False,OK,52.902
HYD-01,FS1,2026-11-14 09:01:08+00:00,8,101,0.0006000000000000001,L/min,"{'min': 0.0, 'max': 0.001, 'n': 10, 'source_hz': 10}",False,OK,0.0006000000000000001
HYD-01,PS1,2026-11-14 09:01:08+00:00,8,101,190.13949999999997,bar,"{'min': 189.99, 'max': 190.31, 'n': 100, 'source_hz': 100}",False,OK,190.13949999999997
HYD-01,TS1,2026-11-14 09:01:08+00:00,8,101,52.82,°C,,False,OK,52.82
HYD-01,FS1,2026-11-14 09:01:09+00:00,9,101,8.943700000000002,L/min,"{'min': 0.0, 'max': 20.479, 'n': 10, 'source_hz': 10}",False,OK,8.943700000000002
HYD-01,PS1,2026-11-14 09:01:09+00:00,9,101,174.0161,bar,"{'min': 149.34, 'max': 190.41, 'n': 100, 'source_hz': 100}",False,OK,174.0161
HYD-01,TS1,2026-11-14 09:01:09+00:00,9,101,52.816,°C,,False,OK,52.816
HYD-01,FS1,2026-11-14 09:01:10+00:00,10,101,7.783000000000001,L/min,"{'min': 7.713, 'max': 8.031, 'n': 10, 'source_hz': 10}",False,OK,7.783000000000001
HYD-01,PS1,2026-11-14 09:01:10+00:00,10,101,142.24979999999996,bar,"{'min': 141.66, 'max': 149.06, 'n': 100, 'source_hz': 100}",False,OK,142.24979999999996
HYD-01,TS1,2026-11-14 09:01:10+00:00,10,101,52.734,°C,,False,OK,52.734
HYD-01,FS1,2026-11-14 09:01:11+00:00,11,101,7.7513000000000005,L/min,"{'min': 7.724, 'max': 7.773, 'n': 10, 'source_hz': 10}",False,OK,7.7513000000000005
HYD-01,PS1,2026-11-14 09:01:11+00:00,11,101,142.071,bar,"{'min': 141.62, 'max': 142.53, 'n': 100, 'source_hz': 100}",False,OK,142.071
HYD-01,TS1,2026-11-14 09:01:11+00:00,11,101,52.727,°C,,False,OK,52.727
HYD-01,FS1,2026-11-14 09:01:12+00:00,12,101,7.7537,L/min,"{'min': 7.724, 'max': 7.768, 'n': 10, 'source_hz': 10}",False,OK,7.7537
HYD-01,PS1,2026-11-14 09:01:12+00:00,12,101,142.0966,bar,"{'min': 141.66, 'max': 142.38, 'n': 100, 'source_hz': 100}",False,OK,142.0966
HYD-01,TS1,2026-11-14 09:01:12+00:00,12,101,52.734,°C,,False,OK,52.734
HYD-01,FS1,2026-11-14 09:01:13+00:00,13,101,7.7494,L/min,"{'min': 7.728, 'max': 7.766, 'n': 10, 'source_hz': 10}",False,OK,7.7494
HYD-01,PS1,2026-11-14 09:01:13+00:00,13,101,142.02790000000002,bar,"{'min': 141.6, 'max': 142.41, 'n': 100, 'source_hz': 100}",False,OK,142.02790000000002
HYD-01,TS1,2026-11-14 09:01:13+00:00,13,101,52.781,°C,,False,OK,52.781
HYD-01,FS1,2026-11-14 09:01:14+00:00,14,101,7.753000000000002,L/min,"{'min': 7.726, 'max': 7.768, 'n': 10, 'source_hz': 10}",False,OK,7.753000000000002
HYD-01,PS1,2026-11-14 09:01:14+00:00,14,101,142.05569999999997,bar,"{'min': 141.63, 'max': 142.37, 'n': 100, 'source_hz': 100}",False,OK,142.05569999999997
HYD-01,TS1,2026-11-14 09:01:14+00:00,14,101,52.828,°C,,False,OK,52.828
HYD-01,FS1,2026-11-14 09:01:15+00:00,15,101,7.7542,L/min,"{'min': 7.739, 'max': 7.781, 'n': 10, 'source_hz': 10}",False,OK,7.7542
HYD-01,PS1,2026-11-14 09:01:15+00:00,15,101,142.03610000000003,bar,"{'min': 141.69, 'max': 142.41, 'n': 100, 'source_hz': 100}",False,OK,142.03610000000003
HYD-01,TS1,2026-11-14 09:01:15+00:00,15,101,52.902,°C,,False,OK,52.902
HYD-01,FS1,2026-11-14 09:01:16+00:00,16,101,7.7396,L/min,"{'min': 7.694, 'max': 7.763, 'n': 10, 'source_hz': 10}",False,OK,7.7396
HYD-01,PS1,2026-11-14 09:01:16+00:00,16,101,142.02700000000002,bar,"{'min': 141.64, 'max': 142.37, 'n': 100, 'source_hz': 100}",False,OK,142.02700000000002
HYD-01,TS1,2026-11-14 09:01:16+00:00,16,101,52.965,°C,,False,OK,52.965
HYD-01,FS1,2026-11-14 09:01:17+00:00,17,101,7.749599999999999,L/min,"{'min': 7.733, 'max': 7.768, 'n': 10, 'source_hz': 10}",False,OK,7.749599999999999
HYD-01,PS1,2026-11-14 09:01:17+00:00,17,101,141.98539999999994,bar,"{'min': 141.6, 'max': 142.34, 'n': 100, 'source_hz': 100}",False,OK,141.98539999999994
HYD-01,TS1,2026-11-14 09:01:17+00:00,17,101,52.98,°C,,False,OK,52.98
HYD-01,FS1,2026-11-14 09:01:18+00:00,18,101,7.7555000000000005,L/min,"{'min': 7.722, 'max': 7.791, 'n': 10, 'source_hz': 10}",False,OK,7.7555000000000005
HYD-01,PS1,2026-11-14 09:01:18+00:00,18,101,142.07449999999997,bar,"{'min': 141.72, 'max': 142.44, 'n': 100, 'source_hz': 100}",False,OK,142.07449999999997
HYD-01,TS1,2026-11-14 09:01:18+00:00,18,101,53.086,°C,,False,OK,53.086
HYD-01,FS1,2026-11-14 09:01:19+00:00,19,101,7.550500000000001,L/min,"{'min': 6.275, 'max': 8.127, 'n': 10, 'source_hz': 10}",False,OK,7.550500000000001
HYD-01,PS1,2026-11-14 09:01:19+00:00,19,101,152.52860000000004,bar,"{'min': 142.06, 'max': 153.54, 'n': 100, 'source_hz': 100}",False,OK,152.52860000000004
HYD-01,TS1,2026-11-14 09:01:19+00:00,19,101,53.16,°C,,False,OK,53.16
HYD-01,FS1,2026-11-14 09:01:20+00:00,20,101,7.789300000000002,L/min,"{'min': 7.704, 'max': 7.896, 'n': 10, 'source_hz': 10}",False,OK,7.789300000000002
HYD-01,PS1,2026-11-14 09:01:20+00:00,20,101,152.38660000000004,bar,"{'min': 152.14, 'max': 152.75, 'n': 100, 'source_hz': 100}",False,OK,152.38660000000004
HYD-01,TS1,2026-11-14 09:01:20+00:00,20,101,53.152,°C,,False,OK,53.152
HYD-01,FS1,2026-11-14 09:01:21+00:00,21,101,7.720999999999999,L/min,"{'min': 7.594, 'max': 7.885, 'n': 10, 'source_hz': 10}",False,OK,7.720999999999999
HYD-01,PS1,2026-11-14 09:01:21+00:00,21,101,152.2947,bar,"{'min': 152.11, 'max': 152.53, 'n': 100, 'source_hz': 100}",False,OK,152.2947
HYD-01,TS1,2026-11-14 09:01:21+00:00,21,101,53.203,°C,,False,OK,53.203
HYD-01,FS1,2026-11-14 09:01:22+00:00,22,101,7.7386,L/min,"{'min': 7.595, 'max': 7.853, 'n': 10, 'source_hz': 10}",False,OK,7.7386
HYD-01,PS1,2026-11-14 09:01:22+00:00,22,101,152.335,bar,"{'min': 152.16, 'max': 152.49, 'n': 100, 'source_hz': 100}",False,OK,152.335
HYD-01,TS1,2026-11-14 09:01:22+00:00,22,101,53.23,°C,,False,OK,53.23
HYD-01,FS1,2026-11-14 09:01:23+00:00,23,101,7.7311,L/min,"{'min': 7.636, 'max': 7.904, 'n': 10, 'source_hz': 10}",False,OK,7.7311
HYD-01,PS1,2026-11-14 09:01:23+00:00,23,101,152.2959,bar,"{'min': 152.11, 'max': 152.51, 'n': 100, 'source_hz': 100}",False,OK,152.2959
HYD-01,TS1,2026-11-14 09:01:23+00:00,23,101,53.207,°C,,False,OK,53.207
HYD-01,FS1,2026-11-14 09:01:24+00:00,24,101,7.7356,L/min,"{'min': 7.633, 'max': 7.806, 'n': 10, 'source_hz': 10}",False,OK,7.7356
HYD-01,PS1,2026-11-14 09:01:24+00:00,24,101,152.30110000000005,bar,"{'min': 152.16, 'max': 152.46, 'n': 100, 'source_hz': 100}",False,OK,152.30110000000005
HYD-01,TS1,2026-11-14 09:01:24+00:00,24,101,53.215,°C,,False,OK,53.215
HYD-01,FS1,2026-11-14 09:01:25+00:00,25,101,7.739099999999999,L/min,"{'min': 7.654, 'max': 7.835, 'n': 10, 'source_hz': 10}",False,OK,7.739099999999999
HYD-01,PS1,2026-11-14 09:01:25+00:00,25,101,152.28740000000008,bar,"{'min': 152.16, 'max': 152.46, 'n': 100, 'source_hz': 100}",False,OK,152.28740000000008
HYD-01,TS1,2026-11-14 09:01:25+00:00,25,101,53.219,°C,,False,OK,53.219
HYD-01,FS1,2026-11-14 09:01:26+00:00,26,101,7.7288,L/min,"{'min': 7.644, 'max': 7.841, 'n': 10, 'source_hz': 10}",False,OK,7.7288
HYD-01,PS1,2026-11-14 09:01:26+00:00,26,101,152.2687,bar,"{'min': 152.11, 'max': 152.4, 'n': 100, 'source_hz': 100}",False,OK,152.2687
HYD-01,TS1,2026-11-14 09:01:26+00:00,26,101,53.215,°C,,False,OK,53.215
HYD-01,FS1,2026-11-14 09:01:27+00:00,27,101,7.757900000000001,L/min,"{'min': 7.561, 'max': 7.904, 'n': 10, 'source_hz': 10}",False,OK,7.757900000000001
HYD-01,PS1,2026-11-14 09:01:27+00:00,27,101,152.20279999999997,bar,"{'min': 152.06, 'max': 152.38, 'n': 100, 'source_hz': 100}",False,OK,152.20279999999997
HYD-01,TS1,2026-11-14 09:01:27+00:00,27,101,53.227,°C,,False,OK,53.227
HYD-01,FS1,2026-11-14 09:01:28+00:00,28,101,7.7476,L/min,"{'min': 7.642, 'max': 7.856, 'n': 10, 'source_hz': 10}",False,OK,7.7476
HYD-01,PS1,2026-11-14 09:01:28+00:00,28,101,152.2706,bar,"{'min': 152.09, 'max': 152.43, 'n': 100, 'source_hz': 100}",False,OK,152.2706
HYD-01,TS1,2026-11-14 09:01:28+00:00,28,101,53.312,°C,,False,OK,53.312
HYD-01,FS1,2026-11-14 09:01:29+00:00,29,101,6.0825000000000005,L/min,"{'min': 1.103, 'max': 7.529, 'n': 10, 'source_hz': 10}",False,OK,6.0825000000000005
HYD-01,PS1,2026-11-14 09:01:29+00:00,29,101,160.00419999999997,bar,"{'min': 152.21, 'max': 162.07, 'n': 100, 'source_hz': 100}",False,OK,160.00419999999997
HYD-01,TS1,2026-11-14 09:01:29+00:00,29,101,53.309,°C,,False,OK,53.309
HYD-01,FS1,2026-11-14 09:01:30+00:00,30,101,7.669900000000001,L/min,"{'min': 7.581, 'max': 7.762, 'n': 10, 'source_hz': 10}",False,OK,7.669900000000001
HYD-01,PS1,2026-11-14 09:01:30+00:00,30,101,161.98649999999995,bar,"{'min': 161.75, 'max': 162.26, 'n': 100, 'source_hz': 100}",False,OK,161.98649999999995
HYD-01,TS1,2026-11-14 09:01:30+00:00,30,101,53.297,°C,,False,OK,53.297
HYD-01,FS1,2026-11-14 09:01:31+00:00,31,101,7.697,L/min,"{'min': 7.603, 'max': 7.803, 'n': 10, 'source_hz': 10}",False,OK,7.697
HYD-01,PS1,2026-11-14 09:01:31+00:00,31,101,161.9443,bar,"{'min': 161.77, 'max': 162.16, 'n': 100, 'source_hz': 100}",False,OK,161.9443
HYD-01,TS1,2026-11-14 09:01:31+00:00,31,101,53.301,°C,,False,OK,53.301
HYD-01,FS1,2026-11-14 09:01:32+00:00,32,101,7.6822,L/min,"{'min': 7.479, 'max': 7.806, 'n': 10, 'source_hz': 10}",False,OK,7.6822
HYD-01,PS1,2026-11-14 09:01:32+00:00,32,101,161.97199999999998,bar,"{'min': 161.74, 'max': 162.23, 'n': 100, 'source_hz': 100}",False,OK,161.97199999999998
HYD-01,TS1,2026-11-14 09:01:32+00:00,32,101,53.395,°C,,False,OK,53.395
HYD-01,FS1,2026-11-14 09:01:33+00:00,33,101,7.6845,L/min,"{'min': 7.604, 'max': 7.745, 'n': 10, 'source_hz': 10}",False,OK,7.6845
HYD-01,PS1,2026-11-14 09:01:33+00:00,33,101,161.93609999999993,bar,"{'min': 161.64, 'max': 162.15, 'n': 100, 'source_hz': 100}",False,OK,161.93609999999993
HYD-01,TS1,2026-11-14 09:01:33+00:00,33,101,53.395,°C,,False,OK,53.395
HYD-01,FS1,2026-11-14 09:01:34+00:00,34,101,7.657299999999999,L/min,"{'min': 7.523, 'max': 7.778, 'n': 10, 'source_hz': 10}",False,OK,7.657299999999999
HYD-01,PS1,2026-11-14 09:01:34+00:00,34,101,161.9688,bar,"{'min': 161.72, 'max': 162.27, 'n': 100, 'source_hz': 100}",False,OK,161.9688
HYD-01,TS1,2026-11-14 09:01:34+00:00,34,101,53.395,°C,,False,OK,53.395
HYD-01,FS1,2026-11-14 09:01:35+00:00,35,101,7.6765,L/min,"{'min': 7.597, 'max': 7.803, 'n': 10, 'source_hz': 10}",False,OK,7.6765
HYD-01,PS1,2026-11-14 09:01:35+00:00,35,101,162.00049999999993,bar,"{'min': 161.8, 'max': 162.31, 'n': 100, 'source_hz': 100}",False,OK,162.00049999999993
HYD-01,TS1,2026-11-14 09:01:35+00:00,35,101,53.395,°C,,False,OK,53.395
HYD-01,FS1,2026-11-14 09:01:36+00:00,36,101,7.6854,L/min,"{'min': 7.611, 'max': 7.798, 'n': 10, 'source_hz': 10}",False,OK,7.6854
HYD-01,PS1,2026-11-14 09:01:36+00:00,36,101,161.93800000000002,bar,"{'min': 161.72, 'max': 162.21, 'n': 100, 'source_hz': 100}",False,OK,161.93800000000002
HYD-01,TS1,2026-11-14 09:01:36+00:00,36,101,53.484,°C,,False,OK,53.484
HYD-01,FS1,2026-11-14 09:01:37+00:00,37,101,7.6875,L/min,"{'min': 7.603, 'max': 7.768, 'n': 10, 'source_hz': 10}",False,OK,7.6875
HYD-01,PS1,2026-11-14 09:01:37+00:00,37,101,161.8807,bar,"{'min': 161.63, 'max': 162.15, 'n': 100, 'source_hz': 100}",False,OK,161.8807
HYD-01,TS1,2026-11-14 09:01:37+00:00,37,101,53.473,°C,,False,OK,53.473
HYD-01,FS1,2026-11-14 09:01:38+00:00,38,101,7.6944,L/min,"{'min': 7.603, 'max': 7.824, 'n': 10, 'source_hz': 10}",False,OK,7.6944
HYD-01,PS1,2026-11-14 09:01:38+00:00,38,101,161.89700000000002,bar,"{'min': 161.67, 'max': 162.13, 'n': 100, 'source_hz': 100}",False,OK,161.89700000000002
HYD-01,TS1,2026-11-14 09:01:38+00:00,38,101,53.473,°C,,False,OK,53.473
HYD-01,FS1,2026-11-14 09:01:39+00:00,39,101,9.2287,L/min,"{'min': 7.866, 'max': 12.554, 'n': 10, 'source_hz': 10}",False,OK,9.2287
HYD-01,PS1,2026-11-14 09:01:39+00:00,39,101,154.32459999999995,bar,"{'min': 152.21, 'max': 162.02, 'n': 100, 'source_hz': 100}",False,OK,154.32459999999995
HYD-01,TS1,2026-11-14 09:01:39+00:00,39,101,53.473,°C,,False,OK,53.473
HYD-01,FS1,2026-11-14 09:01:40+00:00,40,101,7.7334000000000005,L/min,"{'min': 7.609, 'max': 7.868, 'n': 10, 'source_hz': 10}",False,OK,7.7334000000000005
HYD-01,PS1,2026-11-14 09:01:40+00:00,40,101,152.2057,bar,"{'min': 151.9, 'max': 152.45, 'n': 100, 'source_hz': 100}",False,OK,152.2057
HYD-01,TS1,2026-11-14 09:01:40+00:00,40,101,53.473,°C,,False,OK,53.473
HYD-01,FS1,2026-11-14 09:01:41+00:00,41,101,7.737100000000001,L/min,"{'min': 7.645, 'max': 7.804, 'n': 10, 'source_hz': 10}",False,OK,7.737100000000001
HYD-01,PS1,2026-11-14 09:01:41+00:00,41,101,152.21269999999996,bar,"{'min': 152.06, 'max': 152.41, 'n': 100, 'source_hz': 100}",False,OK,152.21269999999996
HYD-01,TS1,2026-11-14 09:01:41+00:00,41,101,53.469,°C,,False,OK,53.469
HYD-01,FS1,2026-11-14 09:01:42+00:00,42,101,7.729700000000001,L/min,"{'min': 7.636, 'max': 7.868, 'n': 10, 'source_hz': 10}",False,OK,7.729700000000001
HYD-01,PS1,2026-11-14 09:01:42+00:00,42,101,152.27519999999996,bar,"{'min': 152.08, 'max': 152.48, 'n': 100, 'source_hz': 100}",False,OK,152.27519999999996
HYD-01,TS1,2026-11-14 09:01:42+00:00,42,101,53.484,°C,,False,OK,53.484
HYD-01,FS1,2026-11-14 09:01:43+00:00,43,101,7.730500000000001,L/min,"{'min': 7.688, 'max': 7.778, 'n': 10, 'source_hz': 10}",False,OK,7.730500000000001
HYD-01,PS1,2026-11-14 09:01:43+00:00,43,101,152.22569999999993,bar,"{'min': 152.05, 'max': 152.42, 'n': 100, 'source_hz': 100}",False,OK,152.22569999999993
HYD-01,TS1,2026-11-14 09:01:43+00:00,43,101,53.473,°C,,False,OK,53.473
HYD-01,FS1,2026-11-14 09:01:44+00:00,44,101,7.7234,L/min,"{'min': 7.636, 'max': 7.846, 'n': 10, 'source_hz': 10}",False,OK,7.7234
HYD-01,PS1,2026-11-14 09:01:44+00:00,44,101,152.22750000000002,bar,"{'min': 151.99, 'max': 152.41, 'n': 100, 'source_hz': 100}",False,OK,152.22750000000002
HYD-01,TS1,2026-11-14 09:01:44+00:00,44,101,53.469,°C,,False,OK,53.469
HYD-01,FS1,2026-11-14 09:01:45+00:00,45,101,7.706100000000001,L/min,"{'min': 7.609, 'max': 7.771, 'n': 10, 'source_hz': 10}",False,OK,7.706100000000001
HYD-01,PS1,2026-11-14 09:01:45+00:00,45,101,152.27429999999995,bar,"{'min': 152.05, 'max': 152.46, 'n': 100, 'source_hz': 100}",False,OK,152.27429999999995
HYD-01,TS1,2026-11-14 09:01:45+00:00,45,101,53.395,°C,,False,OK,53.395
HYD-01,FS1,2026-11-14 09:01:46+00:00,46,101,7.7415,L/min,"{'min': 7.634, 'max': 7.808, 'n': 10, 'source_hz': 10}",False,OK,7.7415
HYD-01,PS1,2026-11-14 09:01:46+00:00,46,101,152.2044,bar,"{'min': 151.98, 'max': 152.35, 'n': 100, 'source_hz': 100}",False,OK,152.2044
HYD-01,TS1,2026-11-14 09:01:46+00:00,46,101,53.387,°C,,False,OK,53.387
HYD-01,FS1,2026-11-14 09:01:47+00:00,47,101,7.7223,L/min,"{'min': 7.619, 'max': 7.798, 'n': 10, 'source_hz': 10}",False,OK,7.7223
HYD-01,PS1,2026-11-14 09:01:47+00:00,47,101,152.23069999999998,bar,"{'min': 152.08, 'max': 152.38, 'n': 100, 'source_hz': 100}",False,OK,152.23069999999998
HYD-01,TS1,2026-11-14 09:01:47+00:00,47,101,53.391,°C,,False,OK,53.391
HYD-01,FS1,2026-11-14 09:01:48+00:00,48,101,7.7431,L/min,"{'min': 7.676, 'max': 7.788, 'n': 10, 'source_hz': 10}",False,OK,7.7431
HYD-01,PS1,2026-11-14 09:01:48+00:00,48,101,152.1954999999999,bar,"{'min': 152.05, 'max': 152.38, 'n': 100, 'source_hz': 100}",False,OK,152.1954999999999
HYD-01,TS1,2026-11-14 09:01:48+00:00,48,101,53.391,°C,,False,OK,53.391
HYD-01,FS1,2026-11-14 09:01:49+00:00,49,101,7.8072,L/min,"{'min': 7.733, 'max': 8.208, 'n': 10, 'source_hz': 10}",False,OK,7.8072
HYD-01,PS1,2026-11-14 09:01:49+00:00,49,101,146.94439999999994,bar,"{'min': 144.98, 'max': 152.33, 'n': 100, 'source_hz': 100}",False,OK,146.94439999999994
HYD-01,TS1,2026-11-14 09:01:49+00:00,49,101,53.402,°C,,False,OK,53.402
HYD-01,FS1,2026-11-14 09:01:50+00:00,50,101,7.778700000000001,L/min,"{'min': 7.763, 'max': 7.808, 'n': 10, 'source_hz': 10}",False,OK,7.778700000000001
HYD-01,PS1,2026-11-14 09:01:50+00:00,50,101,147.11369999999997,bar,"{'min': 146.81, 'max': 147.48, 'n': 100, 'source_hz': 100}",False,OK,147.11369999999997
HYD-01,TS1,2026-11-14 09:01:50+00:00,50,101,53.395,°C,,False,OK,53.395
HYD-01,FS1,2026-11-14 09:01:51+00:00,51,101,7.781699999999999,L/min,"{'min': 7.771, 'max': 7.797, 'n': 10, 'source_hz': 10}",False,OK,7.781699999999999
HYD-01,PS1,2026-11-14 09:01:51+00:00,51,101,147.10600000000002,bar,"{'min': 146.67, 'max': 147.43, 'n': 100, 'source_hz': 100}",False,OK,147.10600000000002
HYD-01,TS1,2026-11-14 09:01:51+00:00,51,101,53.402,°C,,False,OK,53.402
HYD-01,FS1,2026-11-14 09:01:52+00:00,52,101,7.7811,L/min,"{'min': 7.755, 'max': 7.811, 'n': 10, 'source_hz': 10}",False,OK,7.7811
HYD-01,PS1,2026-11-14 09:01:52+00:00,52,101,147.18539999999996,bar,"{'min': 146.83, 'max': 147.56, 'n': 100, 'source_hz': 100}",False,OK,147.18539999999996
HYD-01,TS1,2026-11-14 09:01:52+00:00,52,101,53.414,°C,,False,OK,53.414
HYD-01,FS1,2026-11-14 09:01:53+00:00,53,101,7.783599999999998,L/min,"{'min': 7.77, 'max': 7.802, 'n': 10, 'source_hz': 10}",False,OK,7.783599999999998
HYD-01,PS1,2026-11-14 09:01:53+00:00,53,101,147.18120000000005,bar,"{'min': 146.7, 'max': 147.44, 'n': 100, 'source_hz': 100}",False,OK,147.18120000000005
HYD-01,TS1,2026-11-14 09:01:53+00:00,53,101,53.395,°C,,False,OK,53.395
HYD-01,FS1,2026-11-14 09:01:54+00:00,54,101,7.7946,L/min,"{'min': 7.773, 'max': 7.819, 'n': 10, 'source_hz': 10}",False,OK,7.7946
HYD-01,PS1,2026-11-14 09:01:54+00:00,54,101,147.10169999999994,bar,"{'min': 146.73, 'max': 147.5, 'n': 100, 'source_hz': 100}",False,OK,147.10169999999994
HYD-01,TS1,2026-11-14 09:01:54+00:00,54,101,53.395,°C,,False,OK,53.395
HYD-01,FS1,2026-11-14 09:01:55+00:00,55,101,7.791200000000001,L/min,"{'min': 7.758, 'max': 7.817, 'n': 10, 'source_hz': 10}",False,OK,7.791200000000001
HYD-01,PS1,2026-11-14 09:01:55+00:00,55,101,147.1857,bar,"{'min': 146.81, 'max': 147.54, 'n': 100, 'source_hz': 100}",False,OK,147.1857
HYD-01,TS1,2026-11-14 09:01:55+00:00,55,101,53.402,°C,,False,OK,53.402
HYD-01,FS1,2026-11-14 09:01:56+00:00,56,101,7.805399999999999,L/min,"{'min': 7.783, 'max': 7.845, 'n': 10, 'source_hz': 10}",False,OK,7.805399999999999
HYD-01,PS1,2026-11-14 09:01:56+00:00,56,101,147.15740000000002,bar,"{'min': 146.83, 'max': 147.54, 'n': 100, 'source_hz': 100}",False,OK,147.15740000000002
HYD-01,TS1,2026-11-14 09:01:56+00:00,56,101,53.387,°C,,False,OK,53.387
HYD-01,FS1,2026-11-14 09:01:57+00:00,57,101,7.8058,L/min,"{'min': 7.781, 'max': 7.854, 'n': 10, 'source_hz': 10}",False,OK,7.8058
HYD-01,PS1,2026-11-14 09:01:57+00:00,57,101,147.1534,bar,"{'min': 146.75, 'max': 147.54, 'n': 100, 'source_hz': 100}",False,OK,147.1534
HYD-01,TS1,2026-11-14 09:01:57+00:00,57,101,53.387,°C,,False,OK,53.387
HYD-01,FS1,2026-11-14 09:01:58+00:00,58,101,7.858,L/min,"{'min': 7.818, 'max': 7.886, 'n': 10, 'source_hz': 10}",False,OK,7.858
HYD-01,PS1,2026-11-14 09:01:58+00:00,58,101,147.3112,bar,"{'min': 146.94, 'max': 147.63, 'n': 100, 'source_hz': 100}",False,OK,147.3112
HYD-01,TS1,2026-11-14 09:01:58+00:00,58,101,53.391,°C,,False,OK,53.391
HYD-01,FS1,2026-11-14 09:01:59+00:00,59,101,7.893299999999999,L/min,"{'min': 7.846, 'max': 7.924, 'n': 10, 'source_hz': 10}",False,OK,7.893299999999999
HYD-01,PS1,2026-11-14 09:01:59+00:00,59,101,147.29030000000003,bar,"{'min': 146.85, 'max': 147.66, 'n': 100, 'source_hz': 100}",False,OK,147.29030000000003
HYD-01,TS1,2026-11-14 09:01:59+00:00,59,101,53.391,°C,,False,OK,53.391
HYD-01,FS1,2026-11-14 09:02:00+00:00,0,102,0.9264000000000003,L/min,"{'min': 0.003, 'max': 7.834, 'n': 10, 'source_hz': 10}",False,OK,0.9264000000000003
HYD-01,PS1,2026-11-14 09:02:00+00:00,0,102,170.0793999999999,bar,"{'min': 141.47, 'max': 189.84, 'n': 100, 'source_hz': 100}",False,OK,170.0793999999999
HYD-01,TS1,2026-11-14 09:02:00+00:00,0,102,53.379,°C,,False,OK,53.379
HYD-01,FS1,2026-11-14 09:02:01+00:00,1,102,0.0031,L/min,"{'min': 0.0, 'max': 0.009, 'n': 10, 'source_hz': 10}",False,OK,0.0031
HYD-01,PS1,2026-11-14 09:02:01+00:00,1,102,190.22069999999997,bar,"{'min': 190.06, 'max': 190.38, 'n': 100, 'source_hz': 100}",False,OK,190.22069999999997
HYD-01,TS1,2026-11-14 09:02:01+00:00,1,102,53.227,°C,,False,OK,53.227
HYD-01,FS1,2026-11-14 09:02:02+00:00,2,102,0.0039,L/min,"{'min': 0.0, 'max': 0.007, 'n': 10, 'source_hz': 10}",False,OK,0.0039
HYD-01,PS1,2026-11-14 09:02:02+00:00,2,102,190.259,bar,"{'min': 190.09, 'max': 190.54, 'n': 100, 'source_hz': 100}",False,OK,190.259
HYD-01,TS1,2026-11-14 09:02:02+00:00,2,102,53.203,°C,,False,OK,53.203
HYD-01,FS1,2026-11-14 09:02:03+00:00,3,102,0.0034000000000000002,L/min,"{'min': 0.0, 'max': 0.007, 'n': 10, 'source_hz': 10}",False,OK,0.0034000000000000002
HYD-01,PS1,2026-11-14 09:02:03+00:00,3,102,190.1889,bar,"{'min': 189.98, 'max': 190.39, 'n': 100, 'source_hz': 100}",False,OK,190.1889
HYD-01,TS1,2026-11-14 09:02:03+00:00,3,102,53.047,°C,,False,OK,53.047
HYD-01,FS1,2026-11-14 09:02:04+00:00,4,102,0.0023,L/min,"{'min': 0.0, 'max': 0.007, 'n': 10, 'source_hz': 10}",False,OK,0.0023
HYD-01,PS1,2026-11-14 09:02:04+00:00,4,102,190.19299999999998,bar,"{'min': 189.95, 'max': 190.39, 'n': 100, 'source_hz': 100}",False,OK,190.19299999999998
HYD-01,TS1,2026-11-14 09:02:04+00:00,4,102,52.992,°C,,False,OK,52.992
HYD-01,FS1,2026-11-14 09:02:05+00:00,5,102,0.004600000000000001,L/min,"{'min': 0.003, 'max': 0.009, 'n': 10, 'source_hz': 10}",False,OK,0.004600000000000001
HYD-01,PS1,2026-11-14 09:02:05+00:00,5,102,190.1552,bar,"{'min': 190.02, 'max': 190.39, 'n': 100, 'source_hz': 100}",False,OK,190.1552
HYD-01,TS1,2026-11-14 09:02:05+00:00,5,102,52.949,°C,,False,OK,52.949
HYD-01,FS1,2026-11-14 09:02:06+00:00,6,102,0.0037000000000000006,L/min,"{'min': 0.0, 'max': 0.008, 'n': 10, 'source_hz': 10}",False,OK,0.0037000000000000006
HYD-01,PS1,2026-11-14 09:02:06+00:00,6,102,190.15120000000007,bar,"{'min': 189.98, 'max': 190.37, 'n': 100, 'source_hz': 100}",False,OK,190.15120000000007
HYD-01,TS1,2026-11-14 09:02:06+00:00,6,102,52.898,°C,,False,OK,52.898
HYD-01,FS1,2026-11-14 09:02:07+00:00,7,102,0.0036000000000000003,L/min,"{'min': 0.001, 'max': 0.007, 'n': 10, 'source_hz': 10}",False,OK,0.0036000000000000003
HYD-01,PS1,2026-11-14 09:02:07+00:00,7,102,190.16429999999994,bar,"{'min': 189.99, 'max': 190.41, 'n': 100, 'source_hz': 100}",False,OK,190.16429999999994
HYD-01,TS1,2026-11-14 09:02:07+00:00,7,102,52.816,°C,,False,OK,52.816
HYD-01,FS1,2026-11-14 09:02:08+00:00,8,102,0.004600000000000001,L/min,"{'min': 0.0, 'max': 0.009, 'n': 10, 'source_hz': 10}",False,OK,0.004600000000000001
HYD-01,PS1,2026-11-14 09:02:08+00:00,8,102,190.1056,bar,"{'min': 189.92, 'max': 190.37, 'n': 100, 'source_hz': 100}",False,OK,190.1056
HYD-01,TS1,2026-11-14 09:02:08+00:00,8,102,52.801,°C,,False,OK,52.801
HYD-01,FS1,2026-11-14 09:02:09+00:00,9,102,8.845899999999999,L/min,"{'min': 0.003, 'max': 20.479, 'n': 10, 'source_hz': 10}",False,OK,8.845899999999999
HYD-01,PS1,2026-11-14 09:02:09+00:00,9,102,174.18690000000004,bar,"{'min': 149.44, 'max': 190.35, 'n': 100, 'source_hz': 100}",False,OK,174.18690000000004
HYD-01,TS1,2026-11-14 09:02:09+00:00,9,102,52.809,°C,,False,OK,52.809
HYD-01,FS1,2026-11-14 09:02:10+00:00,10,102,7.7818,L/min,"{'min': 7.724, 'max': 8.097, 'n': 10, 'source_hz': 10}",False,OK,7.7818
HYD-01,PS1,2026-11-14 09:02:10+00:00,10,102,142.20730000000003,bar,"{'min': 141.74, 'max': 149.14, 'n': 100, 'source_hz': 100}",False,OK,142.20730000000003
HYD-01,TS1,2026-11-14 09:02:10+00:00,10,102,52.734,°C,,False,OK,52.734
HYD-01,FS1,2026-11-14 09:02:11+00:00,11,102,7.750400000000001,L/min,"{'min': 7.716, 'max': 7.773, 'n': 10, 'source_hz': 10}",False,OK,7.750400000000001
HYD-01,PS1,2026-11-14 09:02:11+00:00,11,102,142.03440000000003,bar,"{'min': 141.53, 'max': 142.44, 'n': 100, 'source_hz': 100}",False,OK,142.03440000000003
HYD-01,TS1,2026-11-14 09:02:11+00:00,11,102,52.742,°C,,False,OK,52.742
HYD-01,FS1,2026-11-14 09:02:12+00:00,12,102,7.750899999999999,L/min,"{'min': 7.71, 'max': 7.781, 'n': 10, 'source_hz': 10}",False,OK,7.750899999999999
HYD-01,PS1,2026-11-14 09:02:12+00:00,12,102,142.038,bar,"{'min': 141.61, 'max': 142.36, 'n': 100, 'source_hz': 100}",False,OK,142.038
HYD-01,TS1,2026-11-14 09:02:12+00:00,12,102,52.727,°C,,False,OK,52.727
HYD-01,FS1,2026-11-14 09:02:13+00:00,13,102,7.7522,L/min,"{'min': 7.731, 'max': 7.77, 'n': 10, 'source_hz': 10}",False,OK,7.7522
HYD-01,PS1,2026-11-14 09:02:13+00:00,13,102,142.04740000000004,bar,"{'min': 141.66, 'max': 142.39, 'n': 100, 'source_hz': 100}",False,OK,142.04740000000004
HYD-01,TS1,2026-11-14 09:02:13+00:00,13,102,52.816,°C,,False,OK,52.816
HYD-01,FS1,2026-11-14 09:02:14+00:00,14,102,7.7415,L/min,"{'min': 7.707, 'max': 7.77, 'n': 10, 'source_hz': 10}",False,OK,7.7415
HYD-01,PS1,2026-11-14 09:02:14+00:00,14,102,142.04300000000006,bar,"{'min': 141.59, 'max': 142.42, 'n': 100, 'source_hz': 100}",False,OK,142.04300000000006
HYD-01,TS1,2026-11-14 09:02:14+00:00,14,102,52.844,°C,,False,OK,52.844
HYD-01,FS1,2026-11-14 09:02:15+00:00,15,102,7.751,L/min,"{'min': 7.711, 'max': 7.783, 'n': 10, 'source_hz': 10}",False,OK,7.751
HYD-01,PS1,2026-11-14 09:02:15+00:00,15,102,142.01389999999998,bar,"{'min': 141.66, 'max': 142.41, 'n': 100, 'source_hz': 100}",False,OK,142.01389999999998
HYD-01,TS1,2026-11-14 09:02:15+00:00,15,102,52.922,°C,,False,OK,52.922
HYD-01,FS1,2026-11-14 09:02:16+00:00,16,102,7.752900000000001,L/min,"{'min': 7.718, 'max': 7.771, 'n': 10, 'source_hz': 10}",False,OK,7.752900000000001
HYD-01,PS1,2026-11-14 09:02:16+00:00,16,102,142.0017000000001,bar,"{'min': 141.56, 'max': 142.42, 'n': 100, 'source_hz': 100}",False,OK,142.0017000000001
HYD-01,TS1,2026-11-14 09:02:16+00:00,16,102,52.965,°C,,False,OK,52.965
HYD-01,FS1,2026-11-14 09:02:17+00:00,17,102,7.745500000000002,L/min,"{'min': 7.714, 'max': 7.771, 'n': 10, 'source_hz': 10}",False,OK,7.745500000000002
HYD-01,PS1,2026-11-14 09:02:17+00:00,17,102,142.06360000000004,bar,"{'min': 141.68, 'max': 142.41, 'n': 100, 'source_hz': 100}",False,OK,142.06360000000004
HYD-01,TS1,2026-11-14 09:02:17+00:00,17,102,53.008,°C,,False,OK,53.008
HYD-01,FS1,2026-11-14 09:02:18+00:00,18,102,7.7494,L/min,"{'min': 7.714, 'max': 7.774, 'n': 10, 'source_hz': 10}",False,OK,7.7494
HYD-01,PS1,2026-11-14 09:02:18+00:00,18,102,141.99879999999993,bar,"{'min': 141.69, 'max': 142.27, 'n': 100, 'source_hz': 100}",False,OK,141.99879999999993
HYD-01,TS1,2026-11-14 09:02:18+00:00,18,102,53.082,°C,,False,OK,53.082
HYD-01,FS1,2026-11-14 09:02:19+00:00,19,102,7.595599999999999,L/min,"{'min': 6.141, 'max': 8.083, 'n': 10, 'source_hz': 10}",False,OK,7.595599999999999
HYD-01,PS1,2026-11-14 09:02:19+00:00,19,102,152.481,bar,"{'min': 142.1, 'max': 153.54, 'n': 100, 'source_hz': 100}",False,OK,152.481
HYD-01,TS1,2026-11-14 09:02:19+00:00,19,102,53.168,°C,,False,OK,53.168
HYD-01,FS1,2026-11-14 09:02:20+00:00,20,102,7.771299999999999,L/min,"{'min': 7.716, 'max': 7.863, 'n': 10, 'source_hz': 10}",False,OK,7.771299999999999
HYD-01,PS1,2026-11-14 09:02:20+00:00,20,102,152.26489999999993,bar,"{'min': 152.1, 'max': 152.42, 'n': 100, 'source_hz': 100}",False,OK,152.26489999999993
HYD-01,TS1,2026-11-14 09:02:20+00:00,20,102,53.207,°C,,False,OK,53.207
HYD-01,FS1,2026-11-14 09:02:21+00:00,21,102,7.7357,L/min,"{'min': 7.659, 'max': 7.845, 'n': 10, 'source_hz': 10}",False,OK,7.7357
HYD-01,PS1,2026-11-14 09:02:21+00:00,21,102,152.33449999999996,bar,"{'min': 152.19, 'max': 152.49, 'n': 100, 'source_hz': 100}",False,OK,152.33449999999996
HYD-01,TS1,2026-11-14 09:02:21+00:00,21,102,53.219,°C,,False,OK,53.219
HYD-01,FS1,2026-11-14 09:02:22+00:00,22,102,7.742999999999999,L/min,"{'min': 7.567, 'max': 7.905, 'n': 10, 'source_hz': 10}",False,OK,7.742999999999999
HYD-01,PS1,2026-11-14 09:02:22+00:00,22,102,152.27039999999985,bar,"{'min': 152.07, 'max': 152.48, 'n': 100, 'source_hz': 100}",False,OK,152.27039999999985
HYD-01,TS1,2026-11-14 09:02:22+00:00,22,102,53.242,°C,,False,OK,53.242
HYD-01,FS1,2026-11-14 09:02:23+00:00,23,102,7.742099999999999,L/min,"{'min': 7.685, 'max': 7.885, 'n': 10, 'source_hz': 10}",False,OK,7.742099999999999
HYD-01,PS1,2026-11-14 09:02:23+00:00,23,102,152.28569999999993,bar,"{'min': 152.1, 'max': 152.48, 'n': 100, 'source_hz': 100}",False,OK,152.28569999999993
HYD-01,TS1,2026-11-14 09:02:23+00:00,23,102,53.246,°C,,False,OK,53.246
HYD-01,FS1,2026-11-14 09:02:24+00:00,24,102,7.7408,L/min,"{'min': 7.691, 'max': 7.806, 'n': 10, 'source_hz': 10}",False,OK,7.7408
HYD-01,PS1,2026-11-14 09:02:24+00:00,24,102,152.25289999999993,bar,"{'min': 152.01, 'max': 152.42, 'n': 100, 'source_hz': 100}",False,OK,152.25289999999993
HYD-01,TS1,2026-11-14 09:02:24+00:00,24,102,53.301,°C,,False,OK,53.301
HYD-01,FS1,2026-11-14 09:02:25+00:00,25,102,7.7075000000000005,L/min,"{'min': 7.588, 'max': 7.881, 'n': 10, 'source_hz': 10}",False,OK,7.7075000000000005
HYD-01,PS1,2026-11-14 09:02:25+00:00,25,102,152.18679999999995,bar,"{'min': 152.01, 'max': 152.42, 'n': 100, 'source_hz': 100}",False,OK,152.18679999999995
HYD-01,TS1,2026-11-14 09:02:25+00:00,25,102,53.297,°C,,False,OK,53.297
HYD-01,FS1,2026-11-14 09:02:26+00:00,26,102,7.7341999999999995,L/min,"{'min': 7.6, 'max': 7.873, 'n': 10, 'source_hz': 10}",False,OK,7.7341999999999995
HYD-01,PS1,2026-11-14 09:02:26+00:00,26,102,152.23959999999997,bar,"{'min': 152.09, 'max': 152.43, 'n': 100, 'source_hz': 100}",False,OK,152.23959999999997
HYD-01,TS1,2026-11-14 09:02:26+00:00,26,102,53.324,°C,,False,OK,53.324
HYD-01,FS1,2026-11-14 09:02:27+00:00,27,102,7.719499999999999,L/min,"{'min': 7.588, 'max': 7.816, 'n': 10, 'source_hz': 10}",False,OK,7.719499999999999
HYD-01,PS1,2026-11-14 09:02:27+00:00,27,102,152.16259999999997,bar,"{'min': 151.92, 'max': 152.33, 'n': 100, 'source_hz': 100}",False,OK,152.16259999999997
HYD-01,TS1,2026-11-14 09:02:27+00:00,27,102,53.324,°C,,False,OK,53.324
HYD-01,FS1,2026-11-14 09:02:28+00:00,28,102,7.7246,L/min,"{'min': 7.597, 'max': 7.8, 'n': 10, 'source_hz': 10}",False,OK,7.7246
HYD-01,PS1,2026-11-14 09:02:28+00:00,28,102,152.2441,bar,"{'min': 152.08, 'max': 152.41, 'n': 100, 'source_hz': 100}",False,OK,152.2441
HYD-01,TS1,2026-11-14 09:02:28+00:00,28,102,53.312,°C,,False,OK,53.312
HYD-01,FS1,2026-11-14 09:02:29+00:00,29,102,6.1128,L/min,"{'min': 0.958, 'max': 7.644, 'n': 10, 'source_hz': 10}",False,OK,6.1128
HYD-01,PS1,2026-11-14 09:02:29+00:00,29,102,160.11650000000006,bar,"{'min': 152.21, 'max': 162.12, 'n': 100, 'source_hz': 100}",False,OK,160.11650000000006
HYD-01,TS1,2026-11-14 09:02:29+00:00,29,102,53.32,°C,,False,OK,53.32
HYD-01,FS1,2026-11-14 09:02:30+00:00,30,102,7.6631,L/min,"{'min': 7.556, 'max': 7.779, 'n': 10, 'source_hz': 10}",False,OK,7.6631
HYD-01,PS1,2026-11-14 09:02:30+00:00,30,102,162.0268,bar,"{'min': 161.84, 'max': 162.28, 'n': 100, 'source_hz': 100}",False,OK,162.0268
HYD-01,TS1,2026-11-14 09:02:30+00:00,30,102,53.391,°C,,False,OK,53.391
HYD-01,FS1,2026-11-14 09:02:31+00:00,31,102,7.675200000000001,L/min,"{'min': 7.524, 'max': 7.783, 'n': 10, 'source_hz': 10}",False,OK,7.675200000000001
HYD-01,PS1,2026-11-14 09:02:31+00:00,31,102,161.98579999999998,bar,"{'min': 161.81, 'max': 162.17, 'n': 100, 'source_hz': 100}",False,OK,161.98579999999998
HYD-01,TS1,2026-11-14 09:02:31+00:00,31,102,53.395,°C,,False,OK,53.395
HYD-01,FS1,2026-11-14 09:02:32+00:00,32,102,7.6858,L/min,"{'min': 7.563, 'max': 7.814, 'n': 10, 'source_hz': 10}",False,OK,7.6858
HYD-01,PS1,2026-11-14 09:02:32+00:00,32,102,162.01759999999996,bar,"{'min': 161.77, 'max': 162.21, 'n': 100, 'source_hz': 100}",False,OK,162.01759999999996
HYD-01,TS1,2026-11-14 09:02:32+00:00,32,102,53.402,°C,,False,OK,53.402
HYD-01,FS1,2026-11-14 09:02:33+00:00,33,102,7.6815,L/min,"{'min': 7.571, 'max': 7.831, 'n': 10, 'source_hz': 10}",False,OK,7.6815
HYD-01,PS1,2026-11-14 09:02:33+00:00,33,102,161.93659999999994,bar,"{'min': 161.77, 'max': 162.23, 'n': 100, 'source_hz': 100}",False,OK,161.93659999999994
HYD-01,TS1,2026-11-14 09:02:33+00:00,33,102,53.387,°C,,False,OK,53.387
HYD-01,FS1,2026-11-14 09:02:34+00:00,34,102,7.670899999999999,L/min,"{'min': 7.586, 'max': 7.808, 'n': 10, 'source_hz': 10}",False,OK,7.670899999999999
HYD-01,PS1,2026-11-14 09:02:34+00:00,34,102,161.9567999999999,bar,"{'min': 161.73, 'max': 162.15, 'n': 100, 'source_hz': 100}",False,OK,161.9567999999999
HYD-01,TS1,2026-11-14 09:02:34+00:00,34,102,53.391,°C,,False,OK,53.391
HYD-01,FS1,2026-11-14 09:02:35+00:00,35,102,7.666499999999999,L/min,"{'min': 7.563, 'max': 7.821, 'n': 10, 'source_hz': 10}",False,OK,7.666499999999999
HYD-01,PS1,2026-11-14 09:02:35+00:00,35,102,161.94109999999995,bar,"{'min': 161.75, 'max': 162.15, 'n': 100, 'source_hz': 100}",False,OK,161.94109999999995
HYD-01,TS1,2026-11-14 09:02:35+00:00,35,102,53.391,°C,,False,OK,53.391
HYD-01,FS1,2026-11-14 09:02:36+00:00,36,102,7.689599999999999,L/min,"{'min': 7.55, 'max': 7.806, 'n': 10, 'source_hz': 10}",False,OK,7.689599999999999
HYD-01,PS1,2026-11-14 09:02:36+00:00,36,102,161.98489999999995,bar,"{'min': 161.73, 'max': 162.29, 'n': 100, 'source_hz': 100}",False,OK,161.98489999999995
HYD-01,TS1,2026-11-14 09:02:36+00:00,36,102,53.48,°C,,False,OK,53.48
HYD-01,FS1,2026-11-14 09:02:37+00:00,37,102,7.6774000000000004,L/min,"{'min': 7.532, 'max': 7.778, 'n': 10, 'source_hz': 10}",False,OK,7.6774000000000004
HYD-01,PS1,2026-11-14 09:02:37+00:00,37,102,161.9912,bar,"{'min': 161.74, 'max': 162.19, 'n': 100, 'source_hz': 100}",False,OK,161.9912
HYD-01,TS1,2026-11-14 09:02:37+00:00,37,102,53.461,°C,,False,OK,53.461
HYD-01,FS1,2026-11-14 09:02:38+00:00,38,102,7.687399999999999,L/min,"{'min': 7.565, 'max': 7.798, 'n': 10, 'source_hz': 10}",False,OK,7.687399999999999
HYD-01,PS1,2026-11-14 09:02:38+00:00,38,102,161.93919999999997,bar,"{'min': 161.72, 'max': 162.15, 'n': 100, 'source_hz': 100}",False,OK,161.93919999999997
HYD-01,TS1,2026-11-14 09:02:38+00:00,38,102,53.562,°C,,False,OK,53.562
HYD-01,FS1,2026-11-14 09:02:39+00:00,39,102,9.244900000000001,L/min,"{'min': 7.596, 'max': 12.463, 'n': 10, 'source_hz': 10}",False,OK,9.244900000000001
HYD-01,PS1,2026-11-14 09:02:39+00:00,39,102,154.31729999999996,bar,"{'min': 152.21, 'max': 162.07, 'n': 100, 'source_hz': 100}",False,OK,154.31729999999996
HYD-01,TS1,2026-11-14 09:02:39+00:00,39,102,53.574,°C,,False,OK,53.574
HYD-01,FS1,2026-11-14 09:02:40+00:00,40,102,7.744,L/min,"{'min': 7.654, 'max': 7.813, 'n': 10, 'source_hz': 10}",False,OK,7.744
HYD-01,PS1,2026-11-14 09:02:40+00:00,40,102,152.23620000000005,bar,"{'min': 152.02, 'max': 152.41, 'n': 100, 'source_hz': 100}",False,OK,152.23620000000005
HYD-01,TS1,2026-11-14 09:02:40+00:00,40,102,53.551,°C,,False,OK,53.551
HYD-01,FS1,2026-11-14 09:02:41+00:00,41,102,7.7161,L/min,"{'min': 7.651, 'max': 7.837, 'n': 10, 'source_hz': 10}",False,OK,7.7161
HYD-01,PS1,2026-11-14 09:02:41+00:00,41,102,152.2779,bar,"{'min': 152.08, 'max': 152.48, 'n': 100, 'source_hz': 100}",False,OK,152.2779
HYD-01,TS1,2026-11-14 09:02:41+00:00,41,102,53.496,°C,,False,OK,53.496
HYD-01,FS1,2026-11-14 09:02:42+00:00,42,102,7.737,L/min,"{'min': 7.649, 'max': 7.815, 'n': 10, 'source_hz': 10}",False,OK,7.737
HYD-01,PS1,2026-11-14 09:02:42+00:00,42,102,152.2591999999999,bar,"{'min': 152.09, 'max': 152.53, 'n': 100, 'source_hz': 100}",False,OK,152.2591999999999
HYD-01,TS1,2026-11-14 09:02:42+00:00,42,102,53.469,°C,,False,OK,53.469
HYD-01,FS1,2026-11-14 09:02:43+00:00,43,102,7.719599999999998,L/min,"{'min': 7.624, 'max': 7.823, 'n': 10, 'source_hz': 10}",False,OK,7.719599999999998
HYD-01,PS1,2026-11-14 09:02:43+00:00,43,102,152.2521,bar,"{'min': 152.1, 'max': 152.43, 'n': 100, 'source_hz': 100}",False,OK,152.2521
HYD-01,TS1,2026-11-14 09:02:43+00:00,43,102,53.488,°C,,False,OK,53.488
HYD-01,FS1,2026-11-14 09:02:44+00:00,44,102,7.7490000000000006,L/min,"{'min': 7.639, 'max': 7.889, 'n': 10, 'source_hz': 10}",False,OK,7.7490000000000006
HYD-01,PS1,2026-11-14 09:02:44+00:00,44,102,152.2505,bar,"{'min': 152.1, 'max': 152.43, 'n': 100, 'source_hz': 100}",False,OK,152.2505
HYD-01,TS1,2026-11-14 09:02:44+00:00,44,102,53.418,°C,,False,OK,53.418
HYD-01,FS1,2026-11-14 09:02:45+00:00,45,102,7.7054,L/min,"{'min': 7.634, 'max': 7.787, 'n': 10, 'source_hz': 10}",False,OK,7.7054
HYD-01,PS1,2026-11-14 09:02:45+00:00,45,102,152.19799999999995,bar,"{'min': 151.98, 'max': 152.4, 'n': 100, 'source_hz': 100}",False,OK,152.19799999999995
HYD-01,TS1,2026-11-14 09:02:45+00:00,45,102,53.395,°C,,False,OK,53.395
HYD-01,FS1,2026-11-14 09:02:46+00:00,46,102,7.707599999999999,L/min,"{'min': 7.644, 'max': 7.799, 'n': 10, 'source_hz': 10}",False,OK,7.707599999999999
HYD-01,PS1,2026-11-14 09:02:46+00:00,46,102,152.22970000000004,bar,"{'min': 152.02, 'max': 152.44, 'n': 100, 'source_hz': 100}",False,OK,152.22970000000004
HYD-01,TS1,2026-11-14 09:02:46+00:00,46,102,53.395,°C,,False,OK,53.395
HYD-01,FS1,2026-11-14 09:02:47+00:00,47,102,7.736399999999999,L/min,"{'min': 7.67, 'max': 7.842, 'n': 10, 'source_hz': 10}",False,OK,7.736399999999999
HYD-01,PS1,2026-11-14 09:02:47+00:00,47,102,152.2407,bar,"{'min': 152.01, 'max': 152.43, 'n': 100, 'source_hz': 100}",False,OK,152.2407
HYD-01,TS1,2026-11-14 09:02:47+00:00,47,102,53.379,°C,,False,OK,53.379
HYD-01,FS1,2026-11-14 09:02:48+00:00,48,102,7.6998999999999995,L/min,"{'min': 7.579, 'max': 7.8, 'n': 10, 'source_hz': 10}",False,OK,7.6998999999999995
HYD-01,PS1,2026-11-14 09:02:48+00:00,48,102,152.2027,bar,"{'min': 152.03, 'max': 152.38, 'n': 100, 'source_hz': 100}",False,OK,152.2027
HYD-01,TS1,2026-11-14 09:02:48+00:00,48,102,53.406,°C,,False,OK,53.406
HYD-01,FS1,2026-11-14 09:02:49+00:00,49,102,7.7826,L/min,"{'min': 7.726, 'max': 8.059, 'n': 10, 'source_hz': 10}",False,OK,7.7826
HYD-01,PS1,2026-11-14 09:02:49+00:00,49,102,146.97920000000002,bar,"{'min': 145.24, 'max': 152.34, 'n': 100, 'source_hz': 100}",False,OK,146.97920000000002
HYD-01,TS1,2026-11-14 09:02:49+00:00,49,102,53.418,°C,,False,OK,53.418
HYD-01,FS1,2026-11-14 09:02:50+00:00,50,102,7.7625,L/min,"{'min': 7.734, 'max': 7.786, 'n': 10, 'source_hz': 10}",False,OK,7.7625
HYD-01,PS1,2026-11-14 09:02:50+00:00,50,102,147.08959999999996,bar,"{'min': 146.74, 'max': 147.45, 'n': 100, 'source_hz': 100}",False,OK,147.08959999999996
HYD-01,TS1,2026-11-14 09:02:50+00:00,50,102,53.406,°C,,False,OK,53.406
HYD-01,FS1,2026-11-14 09:02:51+00:00,51,102,7.7628,L/min,"{'min': 7.737, 'max': 7.787, 'n': 10, 'source_hz': 10}",False,OK,7.7628
HYD-01,PS1,2026-11-14 09:02:51+00:00,51,102,147.06610000000003,bar,"{'min': 146.72, 'max': 147.41, 'n': 100, 'source_hz': 100}",False,OK,147.06610000000003
HYD-01,TS1,2026-11-14 09:02:51+00:00,51,102,53.414,°C,,False,OK,53.414
HYD-01,FS1,2026-11-14 09:02:52+00:00,52,102,7.7707999999999995,L/min,"{'min': 7.739, 'max': 7.814, 'n': 10, 'source_hz': 10}",False,OK,7.7707999999999995
HYD-01,PS1,2026-11-14 09:02:52+00:00,52,102,147.12289999999996,bar,"{'min': 146.75, 'max': 147.41, 'n': 100, 'source_hz': 100}",False,OK,147.12289999999996
HYD-01,TS1,2026-11-14 09:02:52+00:00,52,102,53.418,°C,,False,OK,53.418
HYD-01,FS1,2026-11-14 09:02:53+00:00,53,102,7.7694,L/min,"{'min': 7.743, 'max': 7.798, 'n': 10, 'source_hz': 10}",False,OK,7.7694
HYD-01,PS1,2026-11-14 09:02:53+00:00,53,102,147.1437,bar,"{'min': 146.86, 'max': 147.47, 'n': 100, 'source_hz': 100}",False,OK,147.1437
HYD-01,TS1,2026-11-14 09:02:53+00:00,53,102,53.395,°C,,False,OK,53.395
HYD-01,FS1,2026-11-14 09:02:54+00:00,54,102,7.7813,L/min,"{'min': 7.763, 'max': 7.803, 'n': 10, 'source_hz': 10}",False,OK,7.7813
HYD-01,PS1,2026-11-14 09:02:54+00:00,54,102,147.18040000000002,bar,"{'min': 146.81, 'max': 147.45, 'n': 100, 'source_hz': 100}",False,OK,147.18040000000002
HYD-01,TS1,2026-11-14 09:02:54+00:00,54,102,53.395,°C,,False,OK,53.395
HYD-01,FS1,2026-11-14 09:02:55+00:00,55,102,7.7824,L/min,"{'min': 7.758, 'max': 7.806, 'n': 10, 'source_hz': 10}",False,OK,7.7824
HYD-01,PS1,2026-11-14 09:02:55+00:00,55,102,147.18449999999996,bar,"{'min': 146.81, 'max': 147.54, 'n': 100, 'source_hz': 100}",False,OK,147.18449999999996
HYD-01,TS1,2026-11-14 09:02:55+00:00,55,102,53.395,°C,,False,OK,53.395
HYD-01,FS1,2026-11-14 09:02:56+00:00,56,102,7.7936000000000005,L/min,"{'min': 7.761, 'max': 7.821, 'n': 10, 'source_hz': 10}",False,OK,7.7936000000000005
HYD-01,PS1,2026-11-14 09:02:56+00:00,56,102,147.15819999999994,bar,"{'min': 146.81, 'max': 147.5, 'n': 100, 'source_hz': 100}",False,OK,147.15819999999994
HYD-01,TS1,2026-11-14 09:02:56+00:00,56,102,53.406,°C,,False,OK,53.406
HYD-01,FS1,2026-11-14 09:02:57+00:00,57,102,7.814499999999998,L/min,"{'min': 7.803, 'max': 7.829, 'n': 10, 'source_hz': 10}",False,OK,7.814499999999998
HYD-01,PS1,2026-11-14 09:02:57+00:00,57,102,147.17239999999998,bar,"{'min': 146.69, 'max': 147.54, 'n': 100, 'source_hz': 100}",False,OK,147.17239999999998
HYD-01,TS1,2026-11-14 09:02:57+00:00,57,102,53.414,°C,,False,OK,53.414
HYD-01,FS1,2026-11-14 09:02:58+00:00,58,102,7.8322,L/min,"{'min': 7.799, 'max': 7.883, 'n': 10, 'source_hz': 10}",False,OK,7.8322
HYD-01,PS1,2026-11-14 09:02:58+00:00,58,102,147.2671,bar,"{'min': 146.94, 'max': 147.69, 'n': 100, 'source_hz': 100}",False,OK,147.2671
HYD-01,TS1,2026-11-14 09:02:58+00:00,58,102,53.418,°C,,False,OK,53.418
HYD-01,FS1,2026-11-14 09:02:59+00:00,59,102,7.8813,L/min,"{'min': 7.831, 'max': 7.933, 'n': 10, 'source_hz': 10}",False,OK,7.8813
HYD-01,PS1,2026-11-14 09:02:59+00:00,59,102,147.33020000000002,bar,"{'min': 146.91, 'max': 147.69, 'n': 100, 'source_hz': 100}",False,OK,147.33020000000002
HYD-01,TS1,2026-11-14 09:02:59+00:00,59,102,53.414,°C,,False,OK,53.414
