origin_cycle_id,cooler_pct,valve_pct,pump_leak,accumulator_bar,stable_flag,is_stable
0,3,100,0,130,1,False
1,3,100,0,130,1,False
2,3,100,0,130,1,False
3,3,100,0,130,1,False
4,3,100,0,130,1,False
5,3,100,0,130,1,False
6,3,100,0,130,1,False
7,3,100,0,130,1,False
8,3,100,0,130,1,False
9,3,100,0,130,1,False
10,3,100,0,130,1,False
11,3,100,0,130,1,False
12,3,100,0,130,1,False
13,3,100,0,130,1,False
14,3,100,0,130,1,False
15,3,100,0,130,1,False
16,3,100,0,130,1,False
17,3,100,0,130,1,False
18,3,100,0,130,1,False
19,3,100,0,130,1,False
20,3,100,0,130,1,False
21,3,100,0,130,1,False
22,3,100,0,130,1,False
23,3,100,0,130,1,False
24,3,100,0,130,1,False
25,3,100,0,130,1,False
26,3,100,0,130,1,False
27,3,100,0,130,1,False
28,3,100,0,130,1,False
29,3,100,0,130,1,False
30,3,100,0,130,1,False
31,3,100,0,130,1,False
32,3,100,0,130,1,False
33,3,100,0,130,1,False
34,3,100,0,130,1,False
35,3,100,0,130,1,False
36,3,100,0,130,1,False
37,3,100,0,130,1,False
38,3,100,0,130,1,False
39,3,100,0,130,1,False
40,3,100,0,130,1,False
41,3,100,0,130,1,False
42,3,100,0,130,1,False
43,3,100,0,130,1,False
44,3,100,0,130,1,False
45,3,100,0,130,1,False
46,3,100,0,130,1,False
47,3,100,0,130,1,False
48,3,100,0,130,1,False
49,3,100,0,130,1,False
50,3,100,0,130,1,False
51,3,100,0,130,1,False
52,3,100,0,130,1,False
53,3,100,0,130,1,False
54,3,100,0,130,1,False
55,3,100,0,130,1,False
56,3,100,0,130,1,False
57,3,100,0,130,1,False
58,3,100,0,130,1,False
59,3,100,0,130,1,False
60,3,100,0,130,1,False
61,3,100,0,130,1,False
62,3,100,0,130,1,False
63,3,100,0,130,1,False
64,3,100,0,130,1,False
65,3,100,0,130,1,False
66,3,100,0,130,1,False
67,3,100,0,130,1,False
68,3,100,0,130,1,False
69,3,100,0,130,1,False
70,3,100,0,130,1,False
71,3,100,0,130,1,False
72,3,100,0,130,1,False
73,3,100,0,130,1,False
74,3,100,0,130,1,False
75,3,100,0,130,1,False
76,3,100,0,130,1,False
77,3,100,0,130,1,False
78,3,100,0,130,1,False
79,3,100,0,130,1,False
80,3,100,0,130,1,False
81,3,100,0,130,1,False
82,3,100,0,130,1,False
83,3,100,0,130,1,False
84,3,100,0,130,1,False
85,3,100,0,130,1,False
86,3,100,0,130,1,False
87,3,100,0,130,1,False
88,3,100,0,130,1,False
89,3,100,0,130,1,False
90,3,100,0,130,1,False
91,3,100,0,130,1,False
92,3,100,0,130,1,False
93,3,100,0,130,1,False
94,3,100,0,130,1,False
95,3,100,0,130,1,False
96,3,100,0,130,1,False
97,3,100,0,130,1,False
98,3,100,0,130,1,False
99,3,100,0,130,1,False
100,3,100,0,130,1,False
101,3,100,0,130,1,False
102,3,100,0,130,1,False
103,3,100,0,130,1,False
104,3,100,0,130,1,False
105,3,100,0,130,1,False
106,3,100,0,130,1,False
107,3,100,0,130,1,False
108,3,100,0,130,1,False
109,3,100,0,130,1,False
110,3,100,0,130,1,False
111,3,100,0,130,1,False
112,3,100,0,130,1,False
113,3,100,0,130,1,False
114,3,100,0,130,1,False
115,3,100,0,130,1,False
116,3,100,0,130,1,False
117,3,100,0,130,1,False
118,3,100,0,130,1,False
119,3,100,0,130,1,False
120,3,100,0,130,1,False
121,3,100,0,130,1,False
122,3,100,0,130,1,False
123,3,100,0,130,1,False
124,3,100,0,130,1,False
125,3,100,0,130,1,False
126,3,100,0,130,1,False
127,3,100,0,130,1,False
128,3,100,0,130,1,False
129,3,100,0,130,1,False
130,3,100,0,130,1,False
131,3,100,0,130,1,False
132,3,100,0,130,1,False
133,3,100,0,130,1,False
134,3,100,0,130,1,False
135,3,100,0,130,1,False
136,3,100,0,130,1,False
137,3,100,0,130,1,False
138,3,100,0,130,1,False
139,3,100,0,130,1,False
140,3,100,0,130,1,False
141,3,100,0,130,1,False
142,3,100,0,130,1,False
143,3,100,0,130,1,False
144,3,100,0,130,1,False
145,3,100,0,130,1,False
146,3,100,0,130,1,False
147,3,100,0,130,1,False
148,3,100,0,130,1,False
149,3,100,0,130,1,False
150,3,100,0,130,1,False
151,3,100,0,130,1,False
152,3,100,0,130,1,False
153,3,100,0,130,1,False
154,3,100,0,130,1,False
155,3,100,0,130,1,False
156,3,100,0,130,1,False
157,3,100,0,130,1,False
158,3,100,0,130,1,False
159,3,100,0,130,1,False
160,3,100,0,130,1,False
161,3,100,0,130,1,False
162,3,100,0,130,1,False
163,3,100,0,130,1,False
164,3,100,0,130,1,False
165,3,100,0,130,1,False
166,3,100,0,130,1,False
167,3,100,0,130,1,False
168,3,100,0,130,1,False
169,3,100,0,130,1,False
170,3,100,0,130,1,False
171,3,100,0,130,1,False
172,3,100,0,130,1,False
173,3,100,0,130,1,False
174,3,100,0,130,1,False
175,3,100,0,130,1,False
176,3,100,0,130,1,False
177,3,100,0,130,1,False
178,3,100,0,130,1,False
179,3,100,0,130,1,False
180,3,100,0,130,1,False
181,3,100,0,130,1,False
182,3,100,0,130,1,False
183,3,100,0,130,1,False
184,3,100,0,130,1,False
185,3,100,0,130,1,False
186,3,100,0,130,1,False
187,3,100,0,130,1,False
188,3,100,0,130,1,False
189,3,100,0,130,1,False
190,3,100,0,130,1,False
191,3,100,0,130,1,False
192,3,100,0,130,1,False
193,3,100,0,130,1,False
194,3,100,0,130,1,False
195,3,100,0,130,1,False
196,3,100,0,130,1,False
197,3,100,0,130,1,False
198,3,100,0,130,1,False
199,3,100,0,130,1,False
200,3,100,0,130,1,False
201,3,100,0,130,1,False
202,3,100,0,130,1,False
203,3,100,0,130,1,False
204,3,100,0,130,1,False
205,3,100,0,130,1,False
206,3,100,0,130,1,False
207,3,100,0,130,1,False
208,3,100,0,130,1,False
209,3,100,0,130,1,False
210,3,100,2,130,1,False
211,3,73,2,130,0,True
212,3,73,2,130,0,True
213,3,73,2,130,0,True
214,3,73,2,130,0,True
215,3,73,2,130,0,True
216,3,73,2,130,0,True
217,3,73,2,130,0,True
218,3,73,2,130,0,True
219,3,73,2,130,0,True
220,3,73,2,130,0,True
221,3,80,2,130,0,True
222,3,80,2,130,0,True
223,3,80,2,130,0,True
224,3,80,2,130,0,True
225,3,80,2,130,0,True
226,3,80,2,130,0,True
227,3,80,2,130,0,True
228,3,80,2,130,0,True
229,3,80,2,130,0,True
230,3,80,2,130,0,True
231,3,90,2,130,0,True
232,3,90,2,130,0,True
233,3,90,2,130,0,True
234,3,90,2,130,0,True
235,3,90,2,130,0,True
236,3,90,2,130,0,True
237,3,90,2,130,0,True
238,3,90,2,130,0,True
239,3,90,2,130,0,True
240,3,90,2,130,0,True
241,3,100,2,130,0,True
242,3,100,2,130,0,True
243,3,100,2,130,0,True
244,3,100,2,130,0,True
245,3,100,2,130,0,True
246,3,100,2,130,0,True
247,3,100,2,130,0,True
248,3,100,2,130,0,True
249,3,100,2,130,0,True
250,3,100,2,130,0,True
251,3,100,1,130,1,False
252,3,73,1,130,0,True
253,3,73,1,130,0,True
254,3,73,1,130,0,True
255,3,73,1,130,0,True
256,3,73,1,130,0,True
257,3,73,1,130,0,True
258,3,73,1,130,0,True
259,3,73,1,130,0,True
260,3,73,1,130,0,True
261,3,73,1,130,0,True
262,3,80,1,130,0,True
263,3,80,1,130,0,True
264,3,80,1,130,0,True
265,3,80,1,130,0,True
266,3,80,1,130,0,True
267,3,80,1,130,0,True
268,3,80,1,130,0,True
269,3,80,1,130,0,True
270,3,80,1,130,0,True
271,3,80,1,130,0,True
272,3,90,1,130,0,True
273,3,90,1,130,0,True
274,3,90,1,130,0,True
275,3,90,1,130,0,True
276,3,90,1,130,0,True
277,3,90,1,130,0,True
278,3,90,1,130,0,True
279,3,90,1,130,0,True
280,3,90,1,130,0,True
281,3,90,1,130,0,True
282,3,100,1,130,0,True
283,3,100,1,130,0,True
284,3,100,1,130,0,True
285,3,100,1,130,0,True
286,3,100,1,130,0,True
287,3,100,1,130,0,True
288,3,100,1,130,0,True
289,3,100,1,130,0,True
290,3,100,1,130,0,True
291,3,100,1,130,0,True
292,3,100,0,130,1,False
293,3,73,0,130,0,True
294,3,73,0,130,0,True
295,3,73,0,130,0,True
296,3,73,0,130,0,True
297,3,73,0,130,0,True
298,3,73,0,130,0,True
299,3,73,0,130,0,True
300,3,73,0,130,0,True
301,3,73,0,130,0,True
302,3,73,0,130,0,True
303,3,80,0,130,0,True
304,3,80,0,130,0,True
305,3,80,0,130,0,True
306,3,80,0,130,0,True
307,3,80,0,130,0,True
308,3,80,0,130,0,True
309,3,80,0,130,0,True
310,3,80,0,130,0,True
311,3,80,0,130,0,True
312,3,80,0,130,0,True
313,3,90,0,130,0,True
314,3,90,0,130,0,True
315,3,90,0,130,0,True
316,3,90,0,130,0,True
317,3,90,0,130,0,True
318,3,90,0,130,0,True
319,3,90,0,130,0,True
320,3,90,0,130,0,True
321,3,90,0,130,0,True
322,3,90,0,130,0,True
323,3,100,0,130,0,True
324,3,100,0,130,0,True
325,3,100,0,130,0,True
326,3,100,0,130,0,True
327,3,100,0,130,0,True
328,3,100,0,130,0,True
329,3,100,0,130,0,True
330,3,100,0,130,0,True
331,3,100,0,130,0,True
332,3,100,0,130,0,True
333,3,100,0,115,1,False
334,3,100,0,115,1,False
335,3,100,0,115,1,False
336,3,100,0,115,1,False
337,3,100,0,115,1,False
338,3,100,0,115,1,False
339,3,100,0,115,1,False
340,3,100,0,115,1,False
341,3,100,0,115,1,False
342,3,100,0,115,1,False
343,3,100,2,115,1,False
344,3,73,2,115,0,True
345,3,73,2,115,0,True
346,3,73,2,115,0,True
347,3,73,2,115,0,True
348,3,73,2,115,0,True
349,3,73,2,115,0,True
350,3,73,2,115,0,True
351,3,73,2,115,0,True
352,3,73,2,115,0,True
353,3,73,2,115,0,True
354,3,80,2,115,0,True
355,3,80,2,115,0,True
356,3,80,2,115,0,True
357,3,80,2,115,0,True
358,3,80,2,115,0,True
359,3,80,2,115,0,True
360,3,80,2,115,0,True
361,3,80,2,115,0,True
362,3,80,2,115,0,True
363,3,80,2,115,0,True
364,3,90,2,115,0,True
365,3,90,2,115,0,True
366,3,90,2,115,0,True
367,3,90,2,115,0,True
368,3,90,2,115,0,True
369,3,90,2,115,0,True
370,3,90,2,115,0,True
371,3,90,2,115,0,True
372,3,90,2,115,0,True
373,3,90,2,115,0,True
374,3,100,2,115,0,True
375,3,100,2,115,0,True
376,3,100,2,115,0,True
377,3,100,2,115,0,True
378,3,100,2,115,0,True
379,3,100,2,115,0,True
380,3,100,2,115,0,True
381,3,100,2,115,0,True
382,3,100,2,115,0,True
383,3,100,2,115,0,True
384,3,100,1,115,1,False
385,3,73,1,115,0,True
386,3,73,1,115,0,True
387,3,73,1,115,0,True
388,3,73,1,115,0,True
389,3,73,1,115,0,True
390,3,73,1,115,0,True
391,3,73,1,115,0,True
392,3,73,1,115,0,True
393,3,73,1,115,0,True
394,3,73,1,115,0,True
395,3,80,1,115,0,True
396,3,80,1,115,0,True
397,3,80,1,115,0,True
398,3,80,1,115,0,True
399,3,80,1,115,0,True
400,3,80,1,115,0,True
401,3,80,1,115,0,True
402,3,80,1,115,0,True
403,3,80,1,115,0,True
404,3,80,1,115,0,True
405,3,90,1,115,0,True
406,3,90,1,115,0,True
407,3,90,1,115,0,True
408,3,90,1,115,0,True
409,3,90,1,115,0,True
410,3,90,1,115,0,True
411,3,90,1,115,0,True
412,3,90,1,115,0,True
413,3,90,1,115,0,True
414,3,90,1,115,0,True
415,3,100,1,115,0,True
416,3,100,1,115,0,True
417,3,100,1,115,0,True
418,3,100,1,115,0,True
419,3,100,1,115,0,True
420,3,100,1,115,0,True
421,3,100,1,115,0,True
422,3,100,1,115,0,True
423,3,100,1,115,0,True
424,3,100,1,115,0,True
425,3,100,0,115,1,False
426,3,73,0,115,0,True
427,3,73,0,115,0,True
428,3,73,0,115,0,True
429,3,73,0,115,0,True
430,3,73,0,115,0,True
431,3,73,0,115,0,True
432,3,73,0,115,0,True
433,3,73,0,115,0,True
434,3,73,0,115,0,True
435,3,73,0,115,0,True
436,3,80,0,115,0,True
437,3,80,0,115,0,True
438,3,80,0,115,0,True
439,3,80,0,115,0,True
440,3,80,0,115,0,True
441,3,80,0,115,0,True
442,3,80,0,115,0,True
443,3,80,0,115,0,True
444,3,80,0,115,0,True
445,3,80,0,115,0,True
446,3,90,0,115,0,True
447,3,90,0,115,0,True
448,3,90,0,115,0,True
449,3,90,0,115,0,True
450,3,90,0,115,0,True
451,3,90,0,115,0,True
452,3,90,0,115,0,True
453,3,90,0,115,0,True
454,3,90,0,115,0,True
455,3,90,0,115,0,True
456,3,100,0,115,0,True
457,3,100,0,115,0,True
458,3,100,0,115,0,True
459,3,100,0,115,0,True
460,3,100,0,115,0,True
461,3,100,0,115,0,True
462,3,100,0,115,0,True
463,3,100,0,115,0,True
464,3,100,0,115,0,True
465,3,100,0,115,0,True
466,3,100,0,100,1,False
467,3,100,0,100,1,False
468,3,100,0,100,1,False
469,3,100,0,100,1,False
470,3,100,0,100,1,False
471,3,100,0,100,1,False
472,3,100,0,100,1,False
473,3,100,0,100,1,False
474,3,100,0,100,1,False
475,3,100,0,100,1,False
476,3,100,2,100,1,False
477,3,73,2,100,0,True
478,3,73,2,100,0,True
479,3,73,2,100,0,True
480,3,73,2,100,0,True
481,3,73,2,100,0,True
482,3,73,2,100,0,True
483,3,73,2,100,0,True
484,3,73,2,100,0,True
485,3,73,2,100,0,True
486,3,73,2,100,0,True
487,3,80,2,100,0,True
488,3,80,2,100,0,True
489,3,80,2,100,0,True
490,3,80,2,100,0,True
491,3,80,2,100,0,True
492,3,80,2,100,0,True
493,3,80,2,100,0,True
494,3,80,2,100,0,True
495,3,80,2,100,0,True
496,3,80,2,100,0,True
497,3,90,2,100,0,True
498,3,90,2,100,0,True
499,3,90,2,100,0,True
500,3,90,2,100,0,True
501,3,90,2,100,0,True
502,3,90,2,100,0,True
503,3,90,2,100,0,True
504,3,90,2,100,0,True
505,3,90,2,100,0,True
506,3,90,2,100,0,True
507,3,100,2,100,0,True
508,3,100,2,100,0,True
509,3,100,2,100,0,True
510,3,100,2,100,0,True
511,3,100,2,100,0,True
512,3,100,2,100,0,True
513,3,100,2,100,0,True
514,3,100,2,100,0,True
515,3,100,2,100,0,True
516,3,100,2,100,0,True
517,3,100,1,100,1,False
518,3,73,1,100,0,True
519,3,73,1,100,0,True
520,3,73,1,100,0,True
521,3,73,1,100,0,True
522,3,73,1,100,0,True
523,3,73,1,100,0,True
524,3,73,1,100,0,True
525,3,73,1,100,0,True
526,3,73,1,100,0,True
527,3,73,1,100,0,True
528,3,80,1,100,0,True
529,3,80,1,100,0,True
530,3,80,1,100,0,True
531,3,80,1,100,0,True
532,3,80,1,100,0,True
533,3,80,1,100,0,True
534,3,80,1,100,0,True
535,3,80,1,100,0,True
536,3,80,1,100,0,True
537,3,80,1,100,0,True
538,3,90,1,100,0,True
539,3,90,1,100,0,True
540,3,90,1,100,0,True
541,3,90,1,100,0,True
542,3,90,1,100,0,True
543,3,90,1,100,0,True
544,3,90,1,100,0,True
545,3,90,1,100,0,True
546,3,90,1,100,0,True
547,3,90,1,100,0,True
548,3,100,1,100,0,True
549,3,100,1,100,0,True
550,3,100,1,100,0,True
551,3,100,1,100,0,True
552,3,100,1,100,0,True
553,3,100,1,100,0,True
554,3,100,1,100,0,True
555,3,100,1,100,0,True
556,3,100,1,100,0,True
557,3,100,1,100,0,True
558,3,100,0,100,1,False
559,3,73,0,100,0,True
560,3,73,0,100,0,True
561,3,73,0,100,0,True
562,3,73,0,100,0,True
563,3,73,0,100,0,True
564,3,73,0,100,0,True
565,3,73,0,100,0,True
566,3,73,0,100,0,True
567,3,73,0,100,0,True
568,3,73,0,100,0,True
569,3,80,0,100,0,True
570,3,80,0,100,0,True
571,3,80,0,100,0,True
572,3,80,0,100,0,True
573,3,80,0,100,0,True
574,3,80,0,100,0,True
575,3,80,0,100,0,True
576,3,80,0,100,0,True
577,3,80,0,100,0,True
578,3,80,0,100,0,True
579,3,90,0,100,0,True
580,3,90,0,100,0,True
581,3,90,0,100,0,True
582,3,90,0,100,0,True
583,3,90,0,100,0,True
584,3,90,0,100,0,True
585,3,90,0,100,0,True
586,3,90,0,100,0,True
587,3,90,0,100,0,True
588,3,90,0,100,0,True
589,3,100,0,100,0,True
590,3,100,0,100,0,True
591,3,100,0,100,0,True
592,3,100,0,100,0,True
593,3,100,0,100,0,True
594,3,100,0,100,0,True
595,3,100,0,100,0,True
596,3,100,0,100,0,True
597,3,100,0,100,0,True
598,3,100,0,100,0,True
599,3,100,0,90,1,False
600,3,100,0,90,1,False
601,3,100,0,90,1,False
602,3,100,0,90,1,False
603,3,100,0,90,1,False
604,3,100,0,90,1,False
605,3,100,0,90,1,False
606,3,100,0,90,1,False
607,3,100,0,90,1,False
608,3,100,0,90,1,False
609,3,100,2,90,1,False
610,3,73,2,90,0,True
611,3,73,2,90,0,True
612,3,73,2,90,0,True
613,3,73,2,90,0,True
614,3,73,2,90,0,True
615,3,73,2,90,0,True
616,3,73,2,90,0,True
617,3,73,2,90,0,True
618,3,73,2,90,0,True
619,3,73,2,90,0,True
620,3,80,2,90,0,True
621,3,80,2,90,0,True
622,3,80,2,90,0,True
623,3,80,2,90,0,True
624,3,80,2,90,0,True
625,3,80,2,90,0,True
626,3,80,2,90,0,True
627,3,80,2,90,0,True
628,3,80,2,90,0,True
629,3,80,2,90,0,True
630,3,90,2,90,0,True
631,3,90,2,90,0,True
632,3,90,2,90,0,True
633,3,90,2,90,0,True
634,3,90,2,90,0,True
635,3,90,2,90,0,True
636,3,90,2,90,0,True
637,3,90,2,90,0,True
638,3,90,2,90,0,True
639,3,90,2,90,0,True
640,3,100,2,90,0,True
641,3,100,2,90,0,True
642,3,100,2,90,0,True
643,3,100,2,90,0,True
644,3,100,2,90,0,True
645,3,100,2,90,0,True
646,3,100,2,90,0,True
647,3,100,2,90,0,True
648,3,100,2,90,0,True
649,3,100,2,90,0,True
650,3,100,1,90,1,False
651,3,73,1,90,0,True
652,3,73,1,90,0,True
653,3,73,1,90,0,True
654,3,73,1,90,0,True
655,3,73,1,90,0,True
656,3,73,1,90,0,True
657,3,73,1,90,0,True
658,3,73,1,90,0,True
659,3,73,1,90,0,True
660,3,73,1,90,0,True
661,3,80,1,90,0,True
662,3,80,1,90,0,True
663,3,80,1,90,0,True
664,3,80,1,90,0,True
665,3,80,1,90,0,True
666,3,80,1,90,0,True
667,3,80,1,90,0,True
668,3,80,1,90,0,True
669,3,80,1,90,0,True
670,3,80,1,90,0,True
671,3,90,1,90,0,True
672,3,90,1,90,0,True
673,3,90,1,90,0,True
674,3,90,1,90,0,True
675,3,90,1,90,0,True
676,3,90,1,90,0,True
677,3,90,1,90,0,True
678,3,90,1,90,0,True
679,3,90,1,90,0,True
680,3,90,1,90,0,True
681,3,100,1,90,0,True
682,3,100,1,90,0,True
683,3,100,1,90,0,True
684,3,100,1,90,0,True
685,3,100,1,90,0,True
686,3,100,1,90,0,True
687,3,100,1,90,0,True
688,3,100,1,90,0,True
689,3,100,1,90,0,True
690,3,100,1,90,0,True
691,3,100,0,90,1,False
692,3,73,0,90,0,True
693,3,73,0,90,0,True
694,3,73,0,90,0,True
695,3,73,0,90,0,True
696,3,73,0,90,0,True
697,3,73,0,90,0,True
698,3,73,0,90,0,True
699,3,73,0,90,0,True
700,3,73,0,90,0,True
701,3,73,0,90,0,True
702,3,80,0,90,0,True
703,3,80,0,90,0,True
704,3,80,0,90,0,True
705,3,80,0,90,0,True
706,3,80,0,90,0,True
707,3,80,0,90,0,True
708,3,80,0,90,0,True
709,3,80,0,90,0,True
710,3,80,0,90,0,True
711,3,80,0,90,0,True
712,3,90,0,90,0,True
713,3,90,0,90,0,True
714,3,90,0,90,0,True
715,3,90,0,90,0,True
716,3,90,0,90,0,True
717,3,90,0,90,0,True
718,3,90,0,90,0,True
719,3,90,0,90,0,True
720,3,90,0,90,0,True
721,3,90,0,90,0,True
722,3,100,0,90,0,True
723,3,100,0,90,0,True
724,3,100,0,90,0,True
725,3,100,0,90,0,True
726,3,100,0,90,0,True
727,3,100,0,90,0,True
728,3,100,0,90,0,True
729,3,100,0,90,0,True
730,3,100,0,90,0,True
731,3,100,0,90,0,True
732,20,100,0,90,1,False
733,20,100,0,90,1,False
734,20,100,0,90,1,False
735,20,100,0,90,1,False
736,20,100,0,90,1,False
737,20,100,0,90,1,False
738,20,100,0,90,1,False
739,20,100,0,90,1,False
740,20,100,0,90,1,False
741,20,100,0,90,1,False
742,20,100,0,90,1,False
743,20,100,0,90,1,False
744,20,100,0,90,1,False
745,20,100,0,90,1,False
746,20,100,0,90,1,False
747,20,100,0,90,1,False
748,20,100,0,90,1,False
749,20,100,0,90,1,False
750,20,100,0,90,1,False
751,20,100,0,90,1,False
752,20,100,0,90,1,False
753,20,100,0,90,1,False
754,20,100,0,90,1,False
755,20,100,0,90,1,False
756,20,100,0,90,1,False
757,20,100,0,90,1,False
758,20,100,0,90,1,False
759,20,100,0,90,1,False
760,20,100,0,90,1,False
761,20,100,0,90,1,False
762,20,100,0,90,1,False
763,20,100,0,90,1,False
764,20,100,0,90,1,False
765,20,100,0,90,1,False
766,20,100,0,90,1,False
767,20,100,0,90,1,False
768,20,100,0,90,1,False
769,20,100,0,90,1,False
770,20,100,0,90,1,False
771,20,100,0,90,1,False
772,20,100,0,90,1,False
773,20,100,0,90,1,False
774,20,100,0,90,1,False
775,20,100,0,90,1,False
776,20,100,0,90,1,False
777,20,100,0,90,1,False
778,20,100,0,90,1,False
779,20,100,0,90,1,False
780,20,100,0,90,1,False
781,20,100,0,90,1,False
782,20,100,0,90,1,False
783,20,100,0,90,1,False
784,20,100,0,90,1,False
785,20,100,0,90,1,False
786,20,100,0,90,1,False
787,20,100,0,90,1,False
788,20,100,0,90,1,False
789,20,100,0,90,1,False
790,20,100,0,90,1,False
791,20,100,0,90,1,False
792,20,100,0,90,1,False
793,20,100,0,90,1,False
794,20,100,0,90,1,False
795,20,100,0,90,1,False
796,20,100,0,90,1,False
797,20,100,0,90,1,False
798,20,100,0,90,1,False
799,20,100,0,90,1,False
800,20,100,0,90,1,False
801,20,100,0,90,1,False
802,20,100,0,90,1,False
803,20,100,0,90,1,False
804,20,100,0,90,1,False
805,20,100,0,90,1,False
806,20,100,0,90,1,False
807,20,100,0,90,1,False
808,20,100,0,90,1,False
809,20,100,0,90,1,False
810,20,100,0,90,1,False
811,20,100,0,90,1,False
812,20,100,0,90,1,False
813,20,100,0,90,1,False
814,20,100,0,90,1,False
815,20,100,0,90,1,False
816,20,100,0,90,1,False
817,20,100,0,90,1,False
818,20,100,0,90,1,False
819,20,100,0,90,1,False
820,20,100,0,90,1,False
821,20,100,0,90,1,False
822,20,100,0,90,1,False
823,20,100,0,90,1,False
824,20,100,0,90,1,False
825,20,100,0,90,1,False
826,20,100,0,90,1,False
827,20,100,0,90,1,False
828,20,100,0,90,1,False
829,20,100,0,90,1,False
830,20,100,0,90,1,False
831,20,100,0,90,1,False
832,20,100,0,90,1,False
833,20,100,0,90,1,False
834,20,100,0,90,1,False
835,20,100,0,90,1,False
836,20,100,0,90,1,False
837,20,100,0,90,1,False
838,20,100,0,90,1,False
839,20,100,0,90,1,False
840,20,100,0,90,1,False
841,20,100,0,90,1,False
842,20,100,0,90,1,False
843,20,100,0,90,1,False
844,20,100,0,90,1,False
845,20,100,0,90,1,False
846,20,100,0,90,1,False
847,20,100,0,90,1,False
848,20,100,0,90,1,False
849,20,100,0,90,1,False
850,20,100,0,90,1,False
851,20,100,0,90,1,False
852,20,100,0,90,1,False
853,20,100,0,90,1,False
854,20,100,0,90,1,False
855,20,100,0,90,1,False
856,20,100,0,90,1,False
857,20,100,0,90,1,False
858,20,100,0,90,1,False
859,20,100,0,90,1,False
860,20,100,0,90,1,False
861,20,100,0,90,1,False
862,20,100,0,90,1,False
863,20,100,0,90,1,False
864,20,100,0,90,1,False
865,20,100,0,90,1,False
866,20,100,0,90,1,False
867,20,100,0,90,1,False
868,20,100,0,90,1,False
869,20,100,0,90,1,False
870,20,100,0,90,1,False
871,20,100,0,90,1,False
872,20,100,0,90,1,False
873,20,100,0,90,1,False
874,20,100,0,90,1,False
875,20,100,0,90,1,False
876,20,100,0,90,1,False
877,20,100,0,90,1,False
878,20,100,0,90,1,False
879,20,100,0,90,1,False
880,20,100,0,90,1,False
881,20,100,0,90,1,False
882,20,100,0,90,1,False
883,20,100,0,90,1,False
884,20,100,0,90,1,False
885,20,100,0,90,1,False
886,20,100,0,90,1,False
887,20,100,0,90,1,False
888,20,100,0,90,1,False
889,20,100,0,90,1,False
890,20,100,0,90,1,False
891,20,100,0,90,1,False
892,20,100,0,90,1,False
893,20,100,0,90,1,False
894,20,100,0,90,1,False
895,20,100,0,90,1,False
896,20,100,0,90,1,False
897,20,100,0,90,1,False
898,20,100,0,90,1,False
899,20,100,0,90,1,False
900,20,100,0,90,1,False
901,20,100,0,90,1,False
902,20,100,0,90,1,False
903,20,100,0,90,1,False
904,20,100,0,90,1,False
905,20,100,0,90,1,False
906,20,100,0,90,1,False
907,20,100,0,90,1,False
908,20,100,0,90,1,False
909,20,100,0,90,1,False
910,20,100,0,90,1,False
911,20,100,0,90,1,False
912,20,100,0,90,1,False
913,20,100,0,90,1,False
914,20,100,0,90,1,False
915,20,100,0,90,1,False
916,20,100,0,90,1,False
917,20,100,0,90,1,False
918,20,100,0,90,1,False
919,20,100,0,90,1,False
920,20,100,0,90,1,False
921,20,100,0,90,1,False
922,20,100,0,90,1,False
923,20,100,0,90,1,False
924,20,100,0,90,1,False
925,20,100,0,90,1,False
926,20,100,0,90,1,False
927,20,100,0,90,1,False
928,20,100,0,90,1,False
929,20,100,0,90,1,False
930,20,100,0,90,1,False
931,20,100,0,90,1,False
932,20,100,0,130,1,False
933,20,100,0,130,1,False
934,20,100,0,130,1,False
935,20,100,0,130,1,False
936,20,100,0,130,1,False
937,20,100,0,130,1,False
938,20,100,0,130,1,False
939,20,100,0,130,1,False
940,20,100,0,130,1,False
941,20,100,0,130,1,False
942,20,100,2,130,1,False
943,20,73,2,130,0,True
944,20,73,2,130,0,True
945,20,73,2,130,0,True
946,20,73,2,130,0,True
947,20,73,2,130,0,True
948,20,73,2,130,0,True
949,20,73,2,130,0,True
950,20,73,2,130,0,True
951,20,73,2,130,0,True
952,20,73,2,130,0,True
953,20,80,2,130,0,True
954,20,80,2,130,0,True
955,20,80,2,130,0,True
956,20,80,2,130,0,True
957,20,80,2,130,0,True
958,20,80,2,130,0,True
959,20,80,2,130,0,True
960,20,80,2,130,0,True
961,20,80,2,130,0,True
962,20,80,2,130,0,True
963,20,90,2,130,0,True
964,20,90,2,130,0,True
965,20,90,2,130,0,True
966,20,90,2,130,0,True
967,20,90,2,130,0,True
968,20,90,2,130,0,True
969,20,90,2,130,0,True
970,20,90,2,130,0,True
971,20,90,2,130,0,True
972,20,90,2,130,0,True
973,20,100,2,130,0,True
974,20,100,2,130,0,True
975,20,100,2,130,0,True
976,20,100,2,130,0,True
977,20,100,2,130,0,True
978,20,100,2,130,0,True
979,20,100,2,130,0,True
980,20,100,2,130,0,True
981,20,100,2,130,0,True
982,20,100,2,130,0,True
983,20,100,1,130,1,False
984,20,73,1,130,0,True
985,20,73,1,130,0,True
986,20,73,1,130,0,True
987,20,73,1,130,0,True
988,20,73,1,130,0,True
989,20,73,1,130,0,True
990,20,73,1,130,0,True
991,20,73,1,130,0,True
992,20,73,1,130,0,True
993,20,73,1,130,0,True
994,20,80,1,130,0,True
995,20,80,1,130,0,True
996,20,80,1,130,0,True
997,20,80,1,130,0,True
998,20,80,1,130,0,True
999,20,80,1,130,0,True
1000,20,80,1,130,0,True
1001,20,80,1,130,0,True
1002,20,80,1,130,0,True
1003,20,80,1,130,0,True
1004,20,90,1,130,0,True
1005,20,90,1,130,0,True
1006,20,90,1,130,0,True
1007,20,90,1,130,0,True
1008,20,90,1,130,0,True
1009,20,90,1,130,0,True
1010,20,90,1,130,0,True
1011,20,90,1,130,0,True
1012,20,90,1,130,0,True
1013,20,90,1,130,0,True
1014,20,100,1,130,0,True
1015,20,100,1,130,0,True
1016,20,100,1,130,0,True
1017,20,100,1,130,0,True
1018,20,100,1,130,0,True
1019,20,100,1,130,0,True
1020,20,100,1,130,0,True
1021,20,100,1,130,0,True
1022,20,100,1,130,0,True
1023,20,100,1,130,0,True
1024,20,100,0,130,1,False
1025,20,73,0,130,0,True
1026,20,73,0,130,0,True
1027,20,73,0,130,0,True
1028,20,73,0,130,0,True
1029,20,73,0,130,0,True
1030,20,73,0,130,0,True
1031,20,73,0,130,0,True
1032,20,73,0,130,0,True
1033,20,73,0,130,0,True
1034,20,73,0,130,0,True
1035,20,80,0,130,0,True
1036,20,80,0,130,0,True
1037,20,80,0,130,0,True
1038,20,80,0,130,0,True
1039,20,80,0,130,0,True
1040,20,80,0,130,0,True
1041,20,80,0,130,0,True
1042,20,80,0,130,0,True
1043,20,80,0,130,0,True
1044,20,80,0,130,0,True
1045,20,90,0,130,0,True
1046,20,90,0,130,0,True
1047,20,90,0,130,0,True
1048,20,90,0,130,0,True
1049,20,90,0,130,0,True
1050,20,90,0,130,0,True
1051,20,90,0,130,0,True
1052,20,90,0,130,0,True
1053,20,90,0,130,0,True
1054,20,90,0,130,0,True
1055,20,100,0,130,0,True
1056,20,100,0,130,0,True
1057,20,100,0,130,0,True
1058,20,100,0,130,0,True
1059,20,100,0,130,0,True
1060,20,100,0,130,0,True
1061,20,100,0,130,0,True
1062,20,100,0,130,0,True
1063,20,100,0,130,0,True
1064,20,100,0,130,0,True
1065,20,100,0,115,1,False
1066,20,100,0,115,1,False
1067,20,100,0,115,1,False
1068,20,100,0,115,1,False
1069,20,100,0,115,1,False
1070,20,100,0,115,1,False
1071,20,100,0,115,1,False
1072,20,100,0,115,1,False
1073,20,100,0,115,1,False
1074,20,100,0,115,1,False
1075,20,100,2,115,1,False
1076,20,73,2,115,0,True
1077,20,73,2,115,0,True
1078,20,73,2,115,0,True
1079,20,73,2,115,0,True
1080,20,73,2,115,0,True
1081,20,73,2,115,0,True
1082,20,73,2,115,0,True
1083,20,73,2,115,0,True
1084,20,73,2,115,0,True
1085,20,73,2,115,0,True
1086,20,80,2,115,0,True
1087,20,80,2,115,0,True
1088,20,80,2,115,0,True
1089,20,80,2,115,0,True
1090,20,80,2,115,0,True
1091,20,80,2,115,0,True
1092,20,80,2,115,0,True
1093,20,80,2,115,0,True
1094,20,80,2,115,0,True
1095,20,80,2,115,0,True
1096,20,90,2,115,0,True
1097,20,90,2,115,0,True
1098,20,90,2,115,0,True
1099,20,90,2,115,0,True
1100,20,90,2,115,0,True
1101,20,90,2,115,0,True
1102,20,90,2,115,0,True
1103,20,90,2,115,0,True
1104,20,90,2,115,0,True
1105,20,90,2,115,0,True
1106,20,100,2,115,0,True
1107,20,100,2,115,0,True
1108,20,100,2,115,0,True
1109,20,100,2,115,0,True
1110,20,100,2,115,0,True
1111,20,100,2,115,0,True
1112,20,100,2,115,0,True
1113,20,100,2,115,0,True
1114,20,100,2,115,0,True
1115,20,100,2,115,0,True
1116,20,100,1,115,1,False
1117,20,73,1,115,0,True
1118,20,73,1,115,0,True
1119,20,73,1,115,0,True
1120,20,73,1,115,0,True
1121,20,73,1,115,0,True
1122,20,73,1,115,0,True
1123,20,73,1,115,0,True
1124,20,73,1,115,0,True
1125,20,73,1,115,0,True
1126,20,73,1,115,0,True
1127,20,80,1,115,0,True
1128,20,80,1,115,0,True
1129,20,80,1,115,0,True
1130,20,80,1,115,0,True
1131,20,80,1,115,0,True
1132,20,80,1,115,0,True
1133,20,80,1,115,0,True
1134,20,80,1,115,0,True
1135,20,80,1,115,0,True
1136,20,80,1,115,0,True
1137,20,90,1,115,0,True
1138,20,90,1,115,0,True
1139,20,90,1,115,0,True
1140,20,90,1,115,0,True
1141,20,90,1,115,0,True
1142,20,90,1,115,0,True
1143,20,90,1,115,0,True
1144,20,90,1,115,0,True
1145,20,90,1,115,0,True
1146,20,90,1,115,0,True
1147,20,100,1,115,0,True
1148,20,100,1,115,0,True
1149,20,100,1,115,0,True
1150,20,100,1,115,0,True
1151,20,100,1,115,0,True
1152,20,100,1,115,0,True
1153,20,100,1,115,0,True
1154,20,100,1,115,0,True
1155,20,100,1,115,0,True
1156,20,100,1,115,0,True
1157,20,100,0,115,1,False
1158,20,73,0,115,0,True
1159,20,73,0,115,0,True
1160,20,73,0,115,0,True
1161,20,73,0,115,0,True
1162,20,73,0,115,0,True
1163,20,73,0,115,0,True
1164,20,73,0,115,0,True
1165,20,73,0,115,0,True
1166,20,73,0,115,0,True
1167,20,73,0,115,0,True
1168,20,80,0,115,0,True
1169,20,80,0,115,0,True
1170,20,80,0,115,0,True
1171,20,80,0,115,0,True
1172,20,80,0,115,0,True
1173,20,80,0,115,0,True
1174,20,80,0,115,0,True
1175,20,80,0,115,0,True
1176,20,80,0,115,0,True
1177,20,80,0,115,0,True
1178,20,90,0,115,0,True
1179,20,90,0,115,0,True
1180,20,90,0,115,0,True
1181,20,90,0,115,0,True
1182,20,90,0,115,0,True
1183,20,90,0,115,0,True
1184,20,90,0,115,0,True
1185,20,90,0,115,0,True
1186,20,90,0,115,0,True
1187,20,90,0,115,0,True
1188,20,100,0,115,0,True
1189,20,100,0,115,0,True
1190,20,100,0,115,0,True
1191,20,100,0,115,0,True
1192,20,100,0,115,0,True
1193,20,100,0,115,0,True
1194,20,100,0,115,0,True
1195,20,100,0,115,0,True
1196,20,100,0,115,0,True
1197,20,100,0,115,0,True
1198,20,100,0,100,1,False
1199,20,100,0,100,1,False
1200,20,100,0,100,1,False
1201,20,100,0,100,1,False
1202,20,100,0,100,1,False
1203,20,100,0,100,1,False
1204,20,100,0,100,1,False
1205,20,100,0,100,1,False
1206,20,100,0,100,1,False
1207,20,100,0,100,1,False
1208,20,100,2,100,1,False
1209,20,73,2,100,0,True
1210,20,73,2,100,0,True
1211,20,73,2,100,0,True
1212,20,73,2,100,0,True
1213,20,73,2,100,0,True
1214,20,73,2,100,0,True
1215,20,73,2,100,0,True
1216,20,73,2,100,0,True
1217,20,73,2,100,0,True
1218,20,73,2,100,0,True
1219,20,80,2,100,0,True
1220,20,80,2,100,0,True
1221,20,80,2,100,0,True
1222,20,80,2,100,0,True
1223,20,80,2,100,0,True
1224,20,80,2,100,0,True
1225,20,80,2,100,0,True
1226,20,80,2,100,0,True
1227,20,80,2,100,0,True
1228,20,80,2,100,0,True
1229,20,90,2,100,0,True
1230,20,90,2,100,0,True
1231,20,90,2,100,0,True
1232,20,90,2,100,0,True
1233,20,90,2,100,0,True
1234,20,90,2,100,0,True
1235,20,90,2,100,0,True
1236,20,90,2,100,0,True
1237,20,90,2,100,0,True
1238,20,90,2,100,0,True
1239,20,100,2,100,0,True
1240,20,100,2,100,0,True
1241,20,100,2,100,0,True
1242,20,100,2,100,0,True
1243,20,100,2,100,0,True
1244,20,100,2,100,0,True
1245,20,100,2,100,0,True
1246,20,100,2,100,0,True
1247,20,100,2,100,0,True
1248,20,100,2,100,0,True
1249,20,100,1,100,1,False
1250,20,73,1,100,0,True
1251,20,73,1,100,0,True
1252,20,73,1,100,0,True
1253,20,73,1,100,0,True
1254,20,73,1,100,0,True
1255,20,73,1,100,0,True
1256,20,73,1,100,0,True
1257,20,73,1,100,0,True
1258,20,73,1,100,0,True
1259,20,73,1,100,0,True
1260,20,80,1,100,0,True
1261,20,80,1,100,0,True
1262,20,80,1,100,0,True
1263,20,80,1,100,0,True
1264,20,80,1,100,0,True
1265,20,80,1,100,0,True
1266,20,80,1,100,0,True
1267,20,80,1,100,0,True
1268,20,80,1,100,0,True
1269,20,80,1,100,0,True
1270,20,90,1,100,0,True
1271,20,90,1,100,0,True
1272,20,90,1,100,0,True
1273,20,90,1,100,0,True
1274,20,90,1,100,0,True
1275,20,90,1,100,0,True
1276,20,90,1,100,0,True
1277,20,90,1,100,0,True
1278,20,90,1,100,0,True
1279,20,90,1,100,0,True
1280,20,100,1,100,0,True
1281,20,100,1,100,0,True
1282,20,100,1,100,0,True
1283,20,100,1,100,0,True
1284,20,100,1,100,0,True
1285,20,100,1,100,0,True
1286,20,100,1,100,0,True
1287,20,100,1,100,0,True
1288,20,100,1,100,0,True
1289,20,100,1,100,0,True
1290,20,100,0,100,1,False
1291,20,73,0,100,0,True
1292,20,73,0,100,0,True
1293,20,73,0,100,0,True
1294,20,73,0,100,0,True
1295,20,73,0,100,0,True
1296,20,73,0,100,0,True
1297,20,73,0,100,0,True
1298,20,73,0,100,0,True
1299,20,73,0,100,0,True
1300,20,73,0,100,0,True
1301,20,80,0,100,0,True
1302,20,80,0,100,0,True
1303,20,80,0,100,0,True
1304,20,80,0,100,0,True
1305,20,80,0,100,0,True
1306,20,80,0,100,0,True
1307,20,80,0,100,0,True
1308,20,80,0,100,0,True
1309,20,80,0,100,0,True
1310,20,80,0,100,0,True
1311,20,90,0,100,0,True
1312,20,90,0,100,0,True
1313,20,90,0,100,0,True
1314,20,90,0,100,0,True
1315,20,90,0,100,0,True
1316,20,90,0,100,0,True
1317,20,90,0,100,0,True
1318,20,90,0,100,0,True
1319,20,90,0,100,0,True
1320,20,90,0,100,0,True
1321,20,100,0,100,0,True
1322,20,100,0,100,0,True
1323,20,100,0,100,0,True
1324,20,100,0,100,0,True
1325,20,100,0,100,0,True
1326,20,100,0,100,0,True
1327,20,100,0,100,0,True
1328,20,100,0,100,0,True
1329,20,100,0,100,0,True
1330,20,100,0,100,0,True
1331,20,100,0,90,1,False
1332,20,100,0,90,1,False
1333,20,100,0,90,1,False
1334,20,100,0,90,1,False
1335,20,100,0,90,1,False
1336,20,100,0,90,1,False
1337,20,100,0,90,1,False
1338,20,100,0,90,1,False
1339,20,100,0,90,1,False
1340,20,100,0,90,1,False
1341,20,100,2,90,1,False
1342,20,73,2,90,0,True
1343,20,73,2,90,0,True
1344,20,73,2,90,0,True
1345,20,73,2,90,0,True
1346,20,73,2,90,0,True
1347,20,73,2,90,0,True
1348,20,73,2,90,0,True
1349,20,73,2,90,0,True
1350,20,73,2,90,0,True
1351,20,73,2,90,0,True
1352,20,80,2,90,0,True
1353,20,80,2,90,0,True
1354,20,80,2,90,0,True
1355,20,80,2,90,0,True
1356,20,80,2,90,0,True
1357,20,80,2,90,0,True
1358,20,80,2,90,0,True
1359,20,80,2,90,0,True
1360,20,80,2,90,0,True
1361,20,80,2,90,0,True
1362,20,90,2,90,0,True
1363,20,90,2,90,0,True
1364,20,90,2,90,0,True
1365,20,90,2,90,0,True
1366,20,90,2,90,0,True
1367,20,90,2,90,0,True
1368,20,90,2,90,0,True
1369,20,90,2,90,0,True
1370,20,90,2,90,0,True
1371,20,90,2,90,0,True
1372,20,100,2,90,0,True
1373,20,100,2,90,0,True
1374,20,100,2,90,0,True
1375,20,100,2,90,0,True
1376,20,100,2,90,0,True
1377,20,100,2,90,0,True
1378,20,100,2,90,0,True
1379,20,100,2,90,0,True
1380,20,100,2,90,0,True
1381,20,100,2,90,0,True
1382,20,100,1,90,1,False
1383,20,73,1,90,0,True
1384,20,73,1,90,0,True
1385,20,73,1,90,0,True
1386,20,73,1,90,0,True
1387,20,73,1,90,0,True
1388,20,73,1,90,0,True
1389,20,73,1,90,0,True
1390,20,73,1,90,0,True
1391,20,73,1,90,0,True
1392,20,73,1,90,0,True
1393,20,80,1,90,0,True
1394,20,80,1,90,0,True
1395,20,80,1,90,0,True
1396,20,80,1,90,0,True
1397,20,80,1,90,0,True
1398,20,80,1,90,0,True
1399,20,80,1,90,0,True
1400,20,80,1,90,0,True
1401,20,80,1,90,0,True
1402,20,80,1,90,0,True
1403,20,90,1,90,0,True
1404,20,90,1,90,0,True
1405,20,90,1,90,0,True
1406,20,90,1,90,0,True
1407,20,90,1,90,0,True
1408,20,90,1,90,0,True
1409,20,90,1,90,0,True
1410,20,90,1,90,0,True
1411,20,90,1,90,0,True
1412,20,90,1,90,0,True
1413,20,100,1,90,0,True
1414,20,100,1,90,0,True
1415,20,100,1,90,0,True
1416,20,100,1,90,0,True
1417,20,100,1,90,0,True
1418,20,100,1,90,0,True
1419,20,100,1,90,0,True
1420,20,100,1,90,0,True
1421,20,100,1,90,0,True
1422,20,100,1,90,0,True
1423,20,100,0,90,1,False
1424,20,73,0,90,0,True
1425,20,73,0,90,0,True
1426,20,73,0,90,0,True
1427,20,73,0,90,0,True
1428,20,73,0,90,0,True
1429,20,73,0,90,0,True
1430,20,73,0,90,0,True
1431,20,73,0,90,0,True
1432,20,73,0,90,0,True
1433,20,73,0,90,0,True
1434,20,80,0,90,0,True
1435,20,80,0,90,0,True
1436,20,80,0,90,0,True
1437,20,80,0,90,0,True
1438,20,80,0,90,0,True
1439,20,80,0,90,0,True
1440,20,80,0,90,0,True
1441,20,80,0,90,0,True
1442,20,80,0,90,0,True
1443,20,80,0,90,0,True
1444,20,90,0,90,0,True
1445,20,90,0,90,0,True
1446,20,90,0,90,0,True
1447,20,90,0,90,0,True
1448,20,90,0,90,0,True
1449,20,90,0,90,0,True
1450,20,90,0,90,0,True
1451,20,90,0,90,0,True
1452,20,90,0,90,0,True
1453,20,90,0,90,0,True
1454,20,100,0,90,0,True
1455,20,100,0,90,0,True
1456,20,100,0,90,0,True
1457,20,100,0,90,0,True
1458,20,100,0,90,0,True
1459,20,100,0,90,0,True
1460,20,100,0,90,0,True
1461,20,100,0,90,0,True
1462,20,100,0,90,0,True
1463,20,100,0,90,0,True
1464,100,100,0,90,1,False
1465,100,100,0,90,1,False
1466,100,100,0,90,1,False
1467,100,100,0,90,1,False
1468,100,100,0,90,1,False
1469,100,100,0,90,1,False
1470,100,100,0,90,1,False
1471,100,100,0,90,1,False
1472,100,100,0,90,1,False
1473,100,100,0,90,1,False
1474,100,100,0,90,1,False
1475,100,100,0,90,1,False
1476,100,100,0,90,1,False
1477,100,100,0,90,1,False
1478,100,100,0,90,1,False
1479,100,100,0,90,1,False
1480,100,100,0,90,1,False
1481,100,100,0,90,1,False
1482,100,100,0,90,1,False
1483,100,100,0,90,1,False
1484,100,100,0,90,1,False
1485,100,100,0,90,1,False
1486,100,100,0,90,1,False
1487,100,100,0,90,1,False
1488,100,100,0,90,1,False
1489,100,100,0,90,1,False
1490,100,100,0,90,1,False
1491,100,100,0,90,1,False
1492,100,100,0,90,1,False
1493,100,100,0,90,1,False
1494,100,100,0,90,1,False
1495,100,100,0,90,1,False
1496,100,100,0,90,1,False
1497,100,100,0,90,1,False
1498,100,100,0,90,1,False
1499,100,100,0,90,1,False
1500,100,100,0,90,1,False
1501,100,100,0,90,1,False
1502,100,100,0,90,1,False
1503,100,100,0,90,1,False
1504,100,100,0,90,1,False
1505,100,100,0,90,1,False
1506,100,100,0,90,1,False
1507,100,100,0,90,1,False
1508,100,100,0,90,1,False
1509,100,100,0,90,1,False
1510,100,100,0,90,1,False
1511,100,100,0,90,1,False
1512,100,100,0,90,1,False
1513,100,100,0,90,1,False
1514,100,100,0,90,1,False
1515,100,100,0,90,1,False
1516,100,100,0,90,1,False
1517,100,100,0,90,1,False
1518,100,100,0,90,1,False
1519,100,100,0,90,1,False
1520,100,100,0,90,1,False
1521,100,100,0,90,1,False
1522,100,100,0,90,1,False
1523,100,100,0,90,1,False
1524,100,100,0,90,1,False
1525,100,100,0,90,1,False
1526,100,100,0,90,1,False
1527,100,100,0,90,1,False
1528,100,100,0,90,1,False
1529,100,100,0,90,1,False
1530,100,100,0,90,1,False
1531,100,100,0,90,1,False
1532,100,100,0,90,1,False
1533,100,100,0,90,1,False
1534,100,100,0,90,1,False
1535,100,100,0,90,1,False
1536,100,100,0,90,1,False
1537,100,100,0,90,1,False
1538,100,100,0,90,1,False
1539,100,100,0,90,1,False
1540,100,100,0,90,1,False
1541,100,100,0,90,1,False
1542,100,100,0,90,1,False
1543,100,100,0,90,1,False
1544,100,100,0,90,1,False
1545,100,100,0,90,1,False
1546,100,100,0,90,1,False
1547,100,100,0,90,1,False
1548,100,100,0,90,1,False
1549,100,100,0,90,1,False
1550,100,100,0,90,1,False
1551,100,100,0,90,1,False
1552,100,100,0,90,1,False
1553,100,100,0,90,1,False
1554,100,100,0,90,1,False
1555,100,100,0,90,1,False
1556,100,100,0,90,1,False
1557,100,100,0,90,1,False
1558,100,100,0,90,1,False
1559,100,100,0,90,1,False
1560,100,100,0,90,1,False
1561,100,100,0,90,1,False
1562,100,100,0,90,1,False
1563,100,100,0,90,1,False
1564,100,100,0,90,1,False
1565,100,100,0,90,1,False
1566,100,100,0,90,1,False
1567,100,100,0,90,1,False
1568,100,100,0,90,1,False
1569,100,100,0,90,1,False
1570,100,100,0,90,1,False
1571,100,100,0,90,1,False
1572,100,100,0,90,1,False
1573,100,100,0,90,1,False
1574,100,100,0,90,1,False
1575,100,100,0,90,1,False
1576,100,100,0,90,1,False
1577,100,100,0,90,1,False
1578,100,100,0,90,1,False
1579,100,100,0,90,1,False
1580,100,100,0,90,1,False
1581,100,100,0,90,1,False
1582,100,100,0,90,1,False
1583,100,100,0,90,1,False
1584,100,100,0,90,1,False
1585,100,100,0,90,1,False
1586,100,100,0,90,1,False
1587,100,100,0,90,1,False
1588,100,100,0,90,1,False
1589,100,100,0,90,1,False
1590,100,100,0,90,1,False
1591,100,100,0,90,1,False
1592,100,100,0,90,1,False
1593,100,100,0,90,1,False
1594,100,100,0,90,1,False
1595,100,100,0,90,1,False
1596,100,100,0,90,1,False
1597,100,100,0,90,1,False
1598,100,100,0,90,1,False
1599,100,100,0,90,1,False
1600,100,100,0,90,1,False
1601,100,100,0,90,1,False
1602,100,100,0,90,1,False
1603,100,100,0,90,1,False
1604,100,100,0,90,1,False
1605,100,100,0,90,1,False
1606,100,100,0,90,1,False
1607,100,100,0,90,1,False
1608,100,100,0,90,1,False
1609,100,100,0,90,1,False
1610,100,100,0,90,1,False
1611,100,100,0,90,1,False
1612,100,100,0,90,1,False
1613,100,100,0,90,1,False
1614,100,100,0,90,1,False
1615,100,100,0,90,1,False
1616,100,100,0,90,1,False
1617,100,100,0,90,1,False
1618,100,100,0,90,1,False
1619,100,100,0,90,1,False
1620,100,100,0,90,1,False
1621,100,100,0,90,1,False
1622,100,100,0,90,1,False
1623,100,100,0,90,1,False
1624,100,100,0,90,1,False
1625,100,100,0,90,1,False
1626,100,100,0,90,1,False
1627,100,100,0,90,1,False
1628,100,100,0,90,1,False
1629,100,100,0,90,1,False
1630,100,100,0,90,1,False
1631,100,100,0,90,1,False
1632,100,100,0,90,1,False
1633,100,100,0,90,1,False
1634,100,100,0,90,1,False
1635,100,100,0,90,1,False
1636,100,100,0,90,1,False
1637,100,100,0,90,1,False
1638,100,100,0,90,1,False
1639,100,100,0,90,1,False
1640,100,100,0,90,1,False
1641,100,100,0,90,1,False
1642,100,100,0,90,1,False
1643,100,100,0,90,1,False
1644,100,100,0,90,1,False
1645,100,100,0,90,1,False
1646,100,100,0,90,1,False
1647,100,100,0,90,1,False
1648,100,100,0,90,1,False
1649,100,100,0,90,1,False
1650,100,100,0,90,1,False
1651,100,100,0,90,1,False
1652,100,100,0,90,1,False
1653,100,100,0,90,1,False
1654,100,100,0,90,1,False
1655,100,100,0,90,1,False
1656,100,100,0,90,1,False
1657,100,100,0,90,1,False
1658,100,100,0,90,1,False
1659,100,100,0,90,1,False
1660,100,100,0,90,1,False
1661,100,100,0,90,1,False
1662,100,100,0,90,1,False
1663,100,100,0,90,1,False
1664,100,100,0,130,1,False
1665,100,100,0,130,1,False
1666,100,100,0,130,1,False
1667,100,100,0,130,1,False
1668,100,100,0,130,1,False
1669,100,100,0,130,1,False
1670,100,100,0,130,1,False
1671,100,100,0,130,1,False
1672,100,100,0,130,1,False
1673,100,100,0,130,1,False
1674,100,100,2,130,1,False
1675,100,73,2,130,0,True
1676,100,73,2,130,0,True
1677,100,73,2,130,0,True
1678,100,73,2,130,0,True
1679,100,73,2,130,0,True
1680,100,73,2,130,0,True
1681,100,73,2,130,0,True
1682,100,73,2,130,0,True
1683,100,73,2,130,0,True
1684,100,73,2,130,0,True
1685,100,80,2,130,0,True
1686,100,80,2,130,0,True
1687,100,80,2,130,0,True
1688,100,80,2,130,0,True
1689,100,80,2,130,0,True
1690,100,80,2,130,0,True
1691,100,80,2,130,0,True
1692,100,80,2,130,0,True
1693,100,80,2,130,0,True
1694,100,80,2,130,0,True
1695,100,90,2,130,0,True
1696,100,90,2,130,0,True
1697,100,90,2,130,0,True
1698,100,90,2,130,0,True
1699,100,90,2,130,0,True
1700,100,90,2,130,0,True
1701,100,90,2,130,0,True
1702,100,90,2,130,0,True
1703,100,90,2,130,0,True
1704,100,90,2,130,0,True
1705,100,100,2,130,0,True
1706,100,100,2,130,0,True
1707,100,100,2,130,0,True
1708,100,100,2,130,0,True
1709,100,100,2,130,0,True
1710,100,100,2,130,0,True
1711,100,100,2,130,0,True
1712,100,100,2,130,0,True
1713,100,100,2,130,0,True
1714,100,100,2,130,0,True
1715,100,100,1,130,1,False
1716,100,73,1,130,0,True
1717,100,73,1,130,0,True
1718,100,73,1,130,0,True
1719,100,73,1,130,0,True
1720,100,73,1,130,0,True
1721,100,73,1,130,0,True
1722,100,73,1,130,0,True
1723,100,73,1,130,0,True
1724,100,73,1,130,0,True
1725,100,73,1,130,0,True
1726,100,80,1,130,0,True
1727,100,80,1,130,0,True
1728,100,80,1,130,0,True
1729,100,80,1,130,0,True
1730,100,80,1,130,0,True
1731,100,80,1,130,0,True
1732,100,80,1,130,0,True
1733,100,80,1,130,0,True
1734,100,80,1,130,0,True
1735,100,80,1,130,0,True
1736,100,90,1,130,0,True
1737,100,90,1,130,0,True
1738,100,90,1,130,0,True
1739,100,90,1,130,0,True
1740,100,90,1,130,0,True
1741,100,90,1,130,0,True
1742,100,90,1,130,0,True
1743,100,90,1,130,0,True
1744,100,90,1,130,0,True
1745,100,90,1,130,0,True
1746,100,100,1,130,0,True
1747,100,100,1,130,0,True
1748,100,100,1,130,0,True
1749,100,100,1,130,0,True
1750,100,100,1,130,0,True
1751,100,100,1,130,0,True
1752,100,100,1,130,0,True
1753,100,100,1,130,0,True
1754,100,100,1,130,0,True
1755,100,100,1,130,0,True
1756,100,100,0,130,1,False
1757,100,73,0,130,0,True
1758,100,73,0,130,0,True
1759,100,73,0,130,0,True
1760,100,73,0,130,0,True
1761,100,73,0,130,0,True
1762,100,73,0,130,0,True
1763,100,73,0,130,0,True
1764,100,73,0,130,0,True
1765,100,73,0,130,0,True
1766,100,73,0,130,0,True
1767,100,80,0,130,0,True
1768,100,80,0,130,0,True
1769,100,80,0,130,0,True
1770,100,80,0,130,0,True
1771,100,80,0,130,0,True
1772,100,80,0,130,0,True
1773,100,80,0,130,0,True
1774,100,80,0,130,0,True
1775,100,80,0,130,0,True
1776,100,80,0,130,0,True
1777,100,90,0,130,0,True
1778,100,90,0,130,0,True
1779,100,90,0,130,0,True
1780,100,90,0,130,0,True
1781,100,90,0,130,0,True
1782,100,90,0,130,0,True
1783,100,90,0,130,0,True
1784,100,90,0,130,0,True
1785,100,90,0,130,0,True
1786,100,90,0,130,0,True
1787,100,100,0,130,0,True
1788,100,100,0,130,0,True
1789,100,100,0,130,0,True
1790,100,100,0,130,0,True
1791,100,100,0,130,0,True
1792,100,100,0,130,0,True
1793,100,100,0,130,0,True
1794,100,100,0,130,0,True
1795,100,100,0,130,0,True
1796,100,100,0,130,0,True
1797,100,100,0,115,1,False
1798,100,100,0,115,1,False
1799,100,100,0,115,1,False
1800,100,100,0,115,1,False
1801,100,100,0,115,1,False
1802,100,100,0,115,1,False
1803,100,100,0,115,1,False
1804,100,100,0,115,1,False
1805,100,100,0,115,1,False
1806,100,100,0,115,1,False
1807,100,100,2,115,1,False
1808,100,73,2,115,0,True
1809,100,73,2,115,0,True
1810,100,73,2,115,0,True
1811,100,73,2,115,0,True
1812,100,73,2,115,0,True
1813,100,73,2,115,0,True
1814,100,73,2,115,0,True
1815,100,73,2,115,0,True
1816,100,73,2,115,0,True
1817,100,73,2,115,0,True
1818,100,80,2,115,0,True
1819,100,80,2,115,0,True
1820,100,80,2,115,0,True
1821,100,80,2,115,0,True
1822,100,80,2,115,0,True
1823,100,80,2,115,0,True
1824,100,80,2,115,0,True
1825,100,80,2,115,0,True
1826,100,80,2,115,0,True
1827,100,80,2,115,0,True
1828,100,90,2,115,0,True
1829,100,90,2,115,0,True
1830,100,90,2,115,0,True
1831,100,90,2,115,0,True
1832,100,90,2,115,0,True
1833,100,90,2,115,0,True
1834,100,90,2,115,0,True
1835,100,90,2,115,0,True
1836,100,90,2,115,0,True
1837,100,90,2,115,0,True
1838,100,100,2,115,0,True
1839,100,100,2,115,0,True
1840,100,100,2,115,0,True
1841,100,100,2,115,0,True
1842,100,100,2,115,0,True
1843,100,100,2,115,0,True
1844,100,100,2,115,0,True
1845,100,100,2,115,0,True
1846,100,100,2,115,0,True
1847,100,100,2,115,0,True
1848,100,100,1,115,1,False
1849,100,73,1,115,0,True
1850,100,73,1,115,0,True
1851,100,73,1,115,0,True
1852,100,73,1,115,0,True
1853,100,73,1,115,0,True
1854,100,73,1,115,0,True
1855,100,73,1,115,0,True
1856,100,73,1,115,0,True
1857,100,73,1,115,0,True
1858,100,73,1,115,0,True
1859,100,80,1,115,0,True
1860,100,80,1,115,0,True
1861,100,80,1,115,0,True
1862,100,80,1,115,0,True
1863,100,80,1,115,0,True
1864,100,80,1,115,0,True
1865,100,80,1,115,0,True
1866,100,80,1,115,0,True
1867,100,80,1,115,0,True
1868,100,80,1,115,0,True
1869,100,90,1,115,0,True
1870,100,90,1,115,0,True
1871,100,90,1,115,0,True
1872,100,90,1,115,0,True
1873,100,90,1,115,0,True
1874,100,90,1,115,0,True
1875,100,90,1,115,0,True
1876,100,90,1,115,0,True
1877,100,90,1,115,0,True
1878,100,90,1,115,0,True
1879,100,100,1,115,0,True
1880,100,100,1,115,0,True
1881,100,100,1,115,0,True
1882,100,100,1,115,0,True
1883,100,100,1,115,0,True
1884,100,100,1,115,0,True
1885,100,100,1,115,0,True
1886,100,100,1,115,0,True
1887,100,100,1,115,0,True
1888,100,100,1,115,0,True
1889,100,100,0,115,1,False
1890,100,73,0,115,0,True
1891,100,73,0,115,0,True
1892,100,73,0,115,0,True
1893,100,73,0,115,0,True
1894,100,73,0,115,0,True
1895,100,73,0,115,0,True
1896,100,73,0,115,0,True
1897,100,73,0,115,0,True
1898,100,73,0,115,0,True
1899,100,73,0,115,0,True
1900,100,80,0,115,0,True
1901,100,80,0,115,0,True
1902,100,80,0,115,0,True
1903,100,80,0,115,0,True
1904,100,80,0,115,0,True
1905,100,80,0,115,0,True
1906,100,80,0,115,0,True
1907,100,80,0,115,0,True
1908,100,80,0,115,0,True
1909,100,80,0,115,0,True
1910,100,90,0,115,0,True
1911,100,90,0,115,0,True
1912,100,90,0,115,0,True
1913,100,90,0,115,0,True
1914,100,90,0,115,0,True
1915,100,90,0,115,0,True
1916,100,90,0,115,0,True
1917,100,90,0,115,0,True
1918,100,90,0,115,0,True
1919,100,90,0,115,0,True
1920,100,100,0,115,0,True
1921,100,100,0,115,0,True
1922,100,100,0,115,0,True
1923,100,100,0,115,0,True
1924,100,100,0,115,0,True
1925,100,100,0,115,0,True
1926,100,100,0,115,0,True
1927,100,100,0,115,0,True
1928,100,100,0,115,0,True
1929,100,100,0,115,0,True
1930,100,100,0,100,1,False
1931,100,100,0,100,1,False
1932,100,100,0,100,1,False
1933,100,100,0,100,1,False
1934,100,100,0,100,1,False
1935,100,100,0,100,1,False
1936,100,100,0,100,1,False
1937,100,100,0,100,1,False
1938,100,100,0,100,1,False
1939,100,100,0,100,1,False
1940,100,100,2,100,1,False
1941,100,73,2,100,0,True
1942,100,73,2,100,0,True
1943,100,73,2,100,0,True
1944,100,73,2,100,0,True
1945,100,73,2,100,0,True
1946,100,73,2,100,0,True
1947,100,73,2,100,0,True
1948,100,73,2,100,0,True
1949,100,73,2,100,0,True
1950,100,73,2,100,0,True
1951,100,80,2,100,0,True
1952,100,80,2,100,0,True
1953,100,80,2,100,0,True
1954,100,80,2,100,0,True
1955,100,80,2,100,0,True
1956,100,80,2,100,0,True
1957,100,80,2,100,0,True
1958,100,80,2,100,0,True
1959,100,80,2,100,0,True
1960,100,80,2,100,0,True
1961,100,90,2,100,0,True
1962,100,90,2,100,0,True
1963,100,90,2,100,0,True
1964,100,90,2,100,0,True
1965,100,90,2,100,0,True
1966,100,90,2,100,0,True
1967,100,90,2,100,0,True
1968,100,90,2,100,0,True
1969,100,90,2,100,0,True
1970,100,90,2,100,0,True
1971,100,100,2,100,0,True
1972,100,100,2,100,0,True
1973,100,100,2,100,0,True
1974,100,100,2,100,0,True
1975,100,100,2,100,0,True
1976,100,100,2,100,0,True
1977,100,100,2,100,0,True
1978,100,100,2,100,0,True
1979,100,100,2,100,0,True
1980,100,100,2,100,0,True
1981,100,100,1,100,1,False
1982,100,73,1,100,0,True
1983,100,73,1,100,0,True
1984,100,73,1,100,0,True
1985,100,73,1,100,0,True
1986,100,73,1,100,0,True
1987,100,73,1,100,0,True
1988,100,73,1,100,0,True
1989,100,73,1,100,0,True
1990,100,73,1,100,0,True
1991,100,73,1,100,0,True
1992,100,80,1,100,0,True
1993,100,80,1,100,0,True
1994,100,80,1,100,0,True
1995,100,80,1,100,0,True
1996,100,80,1,100,0,True
1997,100,80,1,100,0,True
1998,100,80,1,100,0,True
1999,100,80,1,100,0,True
2000,100,80,1,100,0,True
2001,100,80,1,100,0,True
2002,100,90,1,100,0,True
2003,100,90,1,100,0,True
2004,100,90,1,100,0,True
2005,100,90,1,100,0,True
2006,100,90,1,100,0,True
2007,100,90,1,100,0,True
2008,100,90,1,100,0,True
2009,100,90,1,100,0,True
2010,100,90,1,100,0,True
2011,100,90,1,100,0,True
2012,100,100,1,100,0,True
2013,100,100,1,100,0,True
2014,100,100,1,100,0,True
2015,100,100,1,100,0,True
2016,100,100,1,100,0,True
2017,100,100,1,100,0,True
2018,100,100,1,100,0,True
2019,100,100,1,100,0,True
2020,100,100,1,100,0,True
2021,100,100,1,100,0,True
2022,100,100,0,100,1,False
2023,100,73,0,100,0,True
2024,100,73,0,100,0,True
2025,100,73,0,100,0,True
2026,100,73,0,100,0,True
2027,100,73,0,100,0,True
2028,100,73,0,100,0,True
2029,100,73,0,100,0,True
2030,100,73,0,100,0,True
2031,100,73,0,100,0,True
2032,100,73,0,100,0,True
2033,100,80,0,100,0,True
2034,100,80,0,100,0,True
2035,100,80,0,100,0,True
2036,100,80,0,100,0,True
2037,100,80,0,100,0,True
2038,100,80,0,100,0,True
2039,100,80,0,100,0,True
2040,100,80,0,100,0,True
2041,100,80,0,100,0,True
2042,100,80,0,100,0,True
2043,100,90,0,100,0,True
2044,100,90,0,100,0,True
2045,100,90,0,100,0,True
2046,100,90,0,100,0,True
2047,100,90,0,100,0,True
2048,100,90,0,100,0,True
2049,100,90,0,100,0,True
2050,100,90,0,100,0,True
2051,100,90,0,100,0,True
2052,100,90,0,100,0,True
2053,100,100,0,100,0,True
2054,100,100,0,100,0,True
2055,100,100,0,100,0,True
2056,100,100,0,100,0,True
2057,100,100,0,100,0,True
2058,100,100,0,100,0,True
2059,100,100,0,100,0,True
2060,100,100,0,100,0,True
2061,100,100,0,100,0,True
2062,100,100,0,100,0,True
2063,100,100,0,90,1,False
2064,100,100,0,90,1,False
2065,100,100,0,90,1,False
2066,100,100,0,90,1,False
2067,100,100,0,90,1,False
2068,100,100,0,90,1,False
2069,100,100,0,90,1,False
2070,100,100,0,90,1,False
2071,100,100,0,90,1,False
2072,100,100,0,90,1,False
2073,100,100,2,90,1,False
2074,100,73,2,90,0,True
2075,100,73,2,90,0,True
2076,100,73,2,90,0,True
2077,100,73,2,90,0,True
2078,100,73,2,90,0,True
2079,100,73,2,90,0,True
2080,100,73,2,90,0,True
2081,100,73,2,90,0,True
2082,100,73,2,90,0,True
2083,100,73,2,90,0,True
2084,100,80,2,90,0,True
2085,100,80,2,90,0,True
2086,100,80,2,90,0,True
2087,100,80,2,90,0,True
2088,100,80,2,90,0,True
2089,100,80,2,90,0,True
2090,100,80,2,90,0,True
2091,100,80,2,90,0,True
2092,100,80,2,90,0,True
2093,100,80,2,90,0,True
2094,100,90,2,90,0,True
2095,100,90,2,90,0,True
2096,100,90,2,90,0,True
2097,100,90,2,90,0,True
2098,100,90,2,90,0,True
2099,100,90,2,90,0,True
2100,100,90,2,90,0,True
2101,100,90,2,90,0,True
2102,100,90,2,90,0,True
2103,100,90,2,90,0,True
2104,100,100,2,90,0,True
2105,100,100,2,90,0,True
2106,100,100,2,90,0,True
2107,100,100,2,90,0,True
2108,100,100,2,90,0,True
2109,100,100,2,90,0,True
2110,100,100,2,90,0,True
2111,100,100,2,90,0,True
2112,100,100,2,90,0,True
2113,100,100,2,90,0,True
2114,100,100,1,90,1,False
2115,100,73,1,90,0,True
2116,100,73,1,90,0,True
2117,100,73,1,90,0,True
2118,100,73,1,90,0,True
2119,100,73,1,90,0,True
2120,100,73,1,90,0,True
2121,100,73,1,90,0,True
2122,100,73,1,90,0,True
2123,100,73,1,90,0,True
2124,100,73,1,90,0,True
2125,100,80,1,90,0,True
2126,100,80,1,90,0,True
2127,100,80,1,90,0,True
2128,100,80,1,90,0,True
2129,100,80,1,90,0,True
2130,100,80,1,90,0,True
2131,100,80,1,90,0,True
2132,100,80,1,90,0,True
2133,100,80,1,90,0,True
2134,100,80,1,90,0,True
2135,100,90,1,90,0,True
2136,100,90,1,90,0,True
2137,100,90,1,90,0,True
2138,100,90,1,90,0,True
2139,100,90,1,90,0,True
2140,100,90,1,90,0,True
2141,100,90,1,90,0,True
2142,100,90,1,90,0,True
2143,100,90,1,90,0,True
2144,100,90,1,90,0,True
2145,100,100,1,90,0,True
2146,100,100,1,90,0,True
2147,100,100,1,90,0,True
2148,100,100,1,90,0,True
2149,100,100,1,90,0,True
2150,100,100,1,90,0,True
2151,100,100,1,90,0,True
2152,100,100,1,90,0,True
2153,100,100,1,90,0,True
2154,100,100,1,90,0,True
2155,100,100,0,90,1,False
2156,100,73,0,90,0,True
2157,100,73,0,90,0,True
2158,100,73,0,90,0,True
2159,100,73,0,90,0,True
2160,100,73,0,90,0,True
2161,100,73,0,90,0,True
2162,100,73,0,90,0,True
2163,100,73,0,90,0,True
2164,100,73,0,90,0,True
2165,100,73,0,90,0,True
2166,100,80,0,90,0,True
2167,100,80,0,90,0,True
2168,100,80,0,90,0,True
2169,100,80,0,90,0,True
2170,100,80,0,90,0,True
2171,100,80,0,90,0,True
2172,100,80,0,90,0,True
2173,100,80,0,90,0,True
2174,100,80,0,90,0,True
2175,100,80,0,90,0,True
2176,100,90,0,90,0,True
2177,100,90,0,90,0,True
2178,100,90,0,90,0,True
2179,100,90,0,90,0,True
2180,100,90,0,90,0,True
2181,100,90,0,90,0,True
2182,100,90,0,90,0,True
2183,100,90,0,90,0,True
2184,100,90,0,90,0,True
2185,100,90,0,90,0,True
2186,100,100,0,90,0,True
2187,100,100,0,90,0,True
2188,100,100,0,90,0,True
2189,100,100,0,90,0,True
2190,100,100,0,90,0,True
2191,100,100,0,90,0,True
2192,100,100,0,90,0,True
2193,100,100,0,90,0,True
2194,100,100,0,90,0,True
2195,100,100,0,90,0,True
2196,100,100,0,90,0,True
2197,100,100,0,90,0,True
2198,100,100,0,90,0,True
2199,100,100,0,90,0,True
2200,100,100,0,90,0,True
2201,100,100,0,90,0,True
2202,100,100,0,90,0,True
2203,100,100,0,90,0,True
2204,100,100,0,90,0,True
